Recency,Frequency,Monetary,Segment,R_Score,F_Score,M_Score,RFM_Score,Churn,CustomerID,Priority_Score,Priority_Level
325,1,77183.6,Churn Likely,1,1,5,115,1,1000,38527.100000000006,High
1,7,4310.0,VIP,5,5,5,555,0,1001,2156.9,High
74,4,1797.24,Regular,2,4,4,244,0,1002,885.0200000000001,High
18,1,1757.55,Regular,4,1,4,414,0,1003,875.4749999999999,High
309,1,334.4,Churn Likely,1,1,2,112,1,1004,105.69999999999999,High
35,8,2506.04,Loyal,3,5,5,355,0,1005,1248.42,High
203,1,89.0,Churn Likely,1,1,1,111,1,1006,4.199999999999996,Low
231,1,1079.4,Churn Likely,1,1,4,114,1,1007,493.8,High
213,1,459.4,Churn Likely,1,1,2,112,1,1008,187.4,High
22,3,2811.43,Loyal,4,3,5,435,0,1009,1402.215,High
32,1,6207.67,Regular,4,1,5,415,0,1010,3097.735,High
1,2,1168.06,Regular,5,2,4,524,0,1011,584.43,High
57,4,6310.03,Loyal,3,4,5,345,0,1012,3144.8149999999996,High
51,3,2662.06,Loyal,3,3,5,335,0,1013,1321.73,High
286,1,189.9,Churn Likely,1,1,1,111,1,1014,38.05,Low
2,10,5226.23,VIP,5,5,5,555,0,1015,2615.7149999999997,High
109,2,552.0,Regular,2,2,3,223,0,1016,254.8,High
7,4,1313.1,Loyal,5,4,4,544,0,1017,656.35,High
290,2,641.38,Churn Likely,1,2,3,123,1,1018,263.29,High
3,1,168.9,Regular,5,1,1,511,0,1019,84.15,High
50,4,3541.94,Loyal,3,4,5,345,0,1020,1762.17,High
44,2,1887.96,Regular,3,2,4,324,0,1021,935.7800000000001,High
71,3,1298.04,Regular,3,3,4,334,0,1022,635.7199999999999,High
310,1,364.6,Churn Likely,1,1,2,112,1,1023,120.60000000000002,High
24,1,742.9300000000001,Regular,4,1,3,413,0,1024,366.96500000000003,High
10,2,457.5,Regular,5,2,2,522,0,1025,227.35,High
314,2,1628.12,Churn Likely,1,2,4,124,1,1026,751.86,High
129,1,4008.62,At Risk,2,1,5,215,0,1027,1978.81,High
81,2,852.24,Regular,2,2,3,223,0,1028,410.52000000000004,High
21,4,2724.81,Loyal,4,4,5,445,0,1029,1359.405,High
4,5,1845.31,VIP,5,4,4,544,0,1030,923.355,High
184,5,1850.56,Churn Likely,1,4,4,144,1,1031,889.98,High
28,2,585.27,Regular,4,2,3,423,0,1032,287.635,High
337,2,401.9,Churn Likely,1,2,2,122,1,1033,134.14999999999998,High
15,6,2780.66,VIP,4,4,5,445,0,1034,1389.1299999999999,High
79,1,549.84,Regular,2,1,3,213,0,1035,259.42,High
21,1,439.66,Regular,4,1,2,412,0,1036,215.93000000000004,High
71,4,1582.6000000000001,Regular,3,4,4,344,0,1037,778.3000000000001,High
63,2,1272.48,Regular,3,2,4,324,0,1038,624.24,High
18,12,3018.63,VIP,4,5,5,455,0,1039,1509.315,High
35,2,2409.9,Regular,3,2,5,325,0,1040,1198.55,High
45,1,1635.6599999999999,Regular,3,1,4,314,0,1041,809.1299999999999,High
118,4,1108.65,Regular,2,4,4,244,0,1042,531.9250000000001,High
302,1,84.3,Churn Likely,1,1,1,111,1,1043,-17.95000000000001,Low
322,1,225.6,Churn Likely,1,1,1,111,1,1044,48.69999999999999,Medium
49,1,427.7,Regular,3,1,2,312,0,1045,204.35,High
148,1,1710.39,At Risk,2,1,4,214,0,1046,825.895,High
21,2,3415.3,Regular,4,2,5,425,0,1047,1704.05,High
49,5,1708.1200000000001,Loyal,3,4,4,344,0,1048,845.7600000000001,High
32,5,2888.55,Loyal,4,4,5,445,0,1049,1439.375,High
78,3,11072.67,Regular,2,3,5,235,0,1050,5521.634999999999,High
308,2,693.3299999999999,Churn Likely,1,2,3,123,1,1051,285.66499999999996,High
74,3,1226.88,Regular,2,3,4,234,0,1052,599.5400000000001,High
66,3,758.1,Regular,3,3,3,333,0,1053,366.75,High
216,3,562.41,Churn Likely,1,3,3,133,1,1054,238.90499999999997,High
23,21,124914.53,VIP,4,5,5,455,0,1055,62458.965000000004,High
2,9,3649.1,VIP,5,5,5,555,0,1056,1826.85,High
112,1,668.58,Regular,2,1,3,213,0,1057,312.19000000000005,High
63,1,600.39,Regular,3,1,3,313,0,1058,287.895,High
15,4,807.04,Loyal,4,4,3,443,0,1059,401.71999999999997,High
95,3,803.5600000000001,Regular,2,3,3,233,0,1060,383.68,High
0,8,1859.31,VIP,5,5,4,554,0,1061,932.055,High
162,2,1760.96,At Risk,2,2,4,224,0,1062,848.6800000000001,High
77,1,777.2,Regular,2,1,3,213,0,1063,373.50000000000006,High
194,1,582.73,Churn Likely,1,1,3,113,1,1064,252.865,High
21,3,825.8,Loyal,4,3,3,433,0,1065,409.59999999999997,High
25,9,7956.46,VIP,4,5,5,455,0,1066,3975.93,High
8,4,3750.4,Loyal,5,4,5,545,0,1067,1874.8000000000002,High
42,1,256.4,Regular,3,1,2,312,0,1068,120.1,High
35,15,6419.95,Loyal,3,5,5,355,0,1069,3207.475,High
42,5,5059.32,Loyal,3,4,5,345,0,1070,2522.7599999999998,High
0,7,13375.87,VIP,5,5,5,555,0,1071,6690.035000000001,High
84,2,806.14,Regular,2,2,3,223,0,1072,386.87,High
79,2,7829.89,Regular,2,2,5,225,0,1073,3899.745,High
99,1,509.01,Regular,2,1,3,213,0,1074,235.005,High
1,18,4951.41,VIP,5,5,5,555,0,1075,2480.905,High
13,2,2906.85,Regular,4,2,5,425,0,1076,1451.425,High
366,1,173.55,Lost,1,1,1,111,1,1077,13.875,Low
2,1,172.06,Regular,5,1,1,511,0,1078,85.92999999999999,High
20,5,5005.46,VIP,4,4,5,445,0,1079,2500.23,High
21,1,133.4,Regular,4,1,1,411,0,1080,62.8,Medium
57,1,1002.3100000000001,Regular,3,1,4,314,0,1081,490.05500000000006,High
242,1,476.49,Churn Likely,1,1,2,112,1,1082,190.145,High
43,1,449.45,Regular,3,1,2,312,0,1083,216.425,High
21,4,4067.29,Loyal,4,4,5,445,0,1084,2030.645,High
155,2,197.88,At Risk,2,2,1,221,0,1085,68.53999999999999,Medium
10,5,9035.52,VIP,5,4,5,545,0,1086,4517.26,High
16,2,430.57,Regular,4,2,2,422,0,1087,212.685,High
133,1,707.09,At Risk,2,1,3,213,0,1088,327.245,High
55,1,3528.34,Regular,3,1,5,315,0,1089,1753.47,High
72,6,2466.86,Regular,2,4,5,245,0,1090,1220.83,High
43,3,3181.04,Loyal,3,3,5,335,0,1091,1582.8200000000002,High
65,7,2363.23,Regular,3,5,5,355,0,1092,1170.715,High
70,2,947.4,Regular,3,2,4,324,0,1093,460.3,High
93,2,826.88,Regular,2,2,3,223,0,1094,395.44,High
18,2,1189.59,Regular,4,2,4,424,0,1095,591.795,High
52,4,1344.78,Loyal,3,4,4,344,0,1096,663.19,High
9,8,1212.05,VIP,5,5,4,554,0,1097,606.625,High
16,2,742.1899999999999,Regular,4,2,3,423,0,1098,368.495,High
187,2,729.5400000000001,Churn Likely,1,2,3,123,1,1099,327.9700000000001,High
1,30,19788.65,VIP,5,5,5,555,0,1100,9903.125,High
31,7,6572.11,Loyal,4,5,5,455,0,1101,3281.955,High
28,5,3928.0499999999997,VIP,4,4,5,445,0,1102,1959.925,High
16,18,7324.09,VIP,4,5,5,455,0,1103,3664.2450000000003,High
53,1,723.38,Regular,3,1,3,313,0,1104,351.39,High
15,11,6816.42,VIP,4,5,5,455,0,1105,3408.51,High
22,6,13219.74,VIP,4,4,5,445,0,1106,6607.27,High
3,1,680.99,Regular,5,1,3,513,0,1107,340.195,High
10,1,527.2,Regular,5,1,3,513,0,1108,261.90000000000003,High
27,4,3281.63,Loyal,4,4,5,445,0,1109,1636.615,High
22,10,5579.82,VIP,4,5,5,455,0,1110,2788.5099999999998,High
16,8,2484.98,VIP,4,5,5,455,0,1111,1241.69,High
32,6,4527.32,Loyal,4,4,5,445,0,1112,2259.06,High
9,3,1298.66,Loyal,5,3,4,534,0,1113,648.4300000000001,High
335,1,334.93,Churn Likely,1,1,2,112,1,1114,100.76500000000001,High
4,10,5417.93,VIP,5,5,5,555,0,1115,2711.165,High
38,1,460.40000000000003,Regular,3,1,2,312,0,1116,222.90000000000003,High
62,2,263.21000000000004,Regular,3,2,2,322,0,1117,119.805,High
165,2,433.74,At Risk,2,2,2,222,0,1118,184.47,High
15,7,1246.1000000000001,VIP,4,5,4,454,0,1119,622.1500000000001,High
81,1,1043.1,Regular,2,1,4,214,0,1120,505.6499999999999,High
20,3,403.70000000000005,Loyal,4,3,2,432,0,1121,198.75000000000003,High
22,11,4257.82,VIP,4,5,5,455,0,1122,2127.81,High
336,1,2169.39,Churn Likely,1,1,5,115,1,1123,1017.7949999999998,High
95,5,3723.87,Regular,2,4,5,245,0,1124,1844.435,High
17,2,482.04999999999995,Regular,4,2,2,422,0,1125,238.22499999999997,High
232,1,73.5,Churn Likely,1,1,1,111,1,1126,-9.350000000000009,Low
133,3,1304.81,At Risk,2,3,4,234,0,1127,626.7049999999999,High
25,2,397.88,Regular,4,2,2,422,0,1128,194.54,High
283,1,176.5,Churn Likely,1,1,1,111,1,1129,31.949999999999996,Low
142,2,982.5699999999999,At Risk,2,2,4,224,0,1130,463.485,High
65,2,132.18,Regular,3,2,1,321,0,1131,53.69,Medium
112,1,612.29,Regular,2,1,3,213,0,1132,284.045,High
266,1,1017.68,Churn Likely,1,1,4,114,1,1133,455.94,High
352,1,383.7,Churn Likely,1,1,2,112,1,1134,121.75,High
77,2,1312.06,Regular,2,2,4,224,0,1135,641.23,High
27,5,2481.6,VIP,4,4,5,445,0,1136,1236.8999999999999,High
0,5,2056.89,VIP,5,4,5,545,0,1137,1029.945,High
63,1,330.84,Regular,3,1,2,312,0,1138,153.12,High
78,5,2634.26,Regular,2,4,5,245,0,1139,1303.0300000000002,High
142,1,599.68,At Risk,2,1,3,213,0,1140,271.74,High
38,2,192.72,Regular,3,2,1,321,0,1141,89.36,High
18,11,1789.77,VIP,4,5,4,454,0,1142,894.5849999999999,High
8,8,4485.72,VIP,5,5,5,555,0,1143,2243.6600000000003,High
0,3,1316.66,Loyal,5,3,4,534,0,1144,659.23,High
81,3,348.71000000000004,Regular,2,3,2,232,0,1145,159.05500000000004,High
8,6,1933.48,VIP,5,5,4,554,0,1146,966.9399999999999,High
59,4,1662.28,Loyal,3,4,4,344,0,1147,820.5400000000001,High
14,1,125.22,Regular,4,1,1,411,0,1148,60.11,Medium
29,1,349.83000000000004,Regular,4,1,2,412,0,1149,169.41500000000002,High
130,1,1089.18,At Risk,2,1,4,214,0,1150,518.89,High
91,2,716.35,Regular,2,2,3,223,0,1151,340.57500000000005,High
42,3,12601.830000000002,Loyal,3,3,5,335,0,1152,6293.415000000001,High
28,1,363.95,Regular,4,1,2,412,0,1153,176.675,High
21,4,5568.35,Loyal,4,4,5,445,0,1154,2781.175,High
19,17,13400.24,VIP,4,5,5,455,0,1155,6701.42,High
29,3,981.18,Loyal,4,3,4,434,0,1156,485.68999999999994,High
35,1,372.7,Regular,3,1,2,312,0,1157,179.65,High
74,2,1000.39,Regular,2,2,4,224,0,1158,485.995,High
46,2,1161.5,Regular,3,2,4,324,0,1159,572.15,High
197,2,207.79999999999998,Churn Likely,1,2,1,121,1,1160,65.09999999999998,Medium
165,1,95.19999999999999,At Risk,2,1,1,211,0,1161,14.899999999999991,Low
78,1,964.83,Regular,2,1,4,214,0,1162,467.115,High
357,1,168.0,Churn Likely,1,1,1,111,1,1163,12.899999999999991,Low
38,2,437.82,Regular,3,2,2,322,0,1164,211.91,High
7,10,3692.28,VIP,5,5,5,555,0,1165,1847.74,High
49,2,599.56,Regular,3,2,3,323,0,1166,290.58,High
15,5,11990.960000000001,VIP,4,4,5,445,0,1167,5993.9800000000005,High
7,1,269.96,Regular,5,1,2,512,0,1168,133.88,High
310,2,561.71,Churn Likely,1,2,3,123,1,1169,219.45500000000004,High
4,3,2134.01,Loyal,5,3,5,535,0,1170,1067.1050000000002,High
302,1,238.85,Churn Likely,1,1,1,111,1,1171,59.32499999999999,Medium
7,7,3781.7400000000002,VIP,5,5,5,555,0,1172,1891.57,High
260,1,456.9,Churn Likely,1,1,2,112,1,1173,176.75,High
288,1,145.92,Churn Likely,1,1,1,111,1,1174,15.65999999999999,Low
85,1,351.65,Regular,2,1,2,212,0,1175,159.125,High
22,10,9401.28,VIP,4,5,5,455,0,1176,4699.240000000001,High
1,32,4124.69,VIP,5,5,5,555,0,1177,2071.745,High
39,2,519.61,Regular,3,2,3,323,0,1178,252.60500000000002,High
8,2,1020.42,Regular,5,2,4,524,0,1179,509.21,High
226,1,160.54000000000002,Churn Likely,1,1,1,111,1,1180,35.370000000000005,Low
315,1,218.45,Churn Likely,1,1,1,111,1,1181,46.52499999999999,Medium
35,5,1315.83,Loyal,3,4,4,344,0,1182,652.415,High
34,3,626.6,Loyal,3,3,3,333,0,1183,307.4,High
20,2,2794.51,Regular,4,2,5,425,0,1184,1393.855,High
77,1,440.42,Regular,2,1,2,212,0,1185,205.11,High
246,1,415.7,Churn Likely,1,1,2,112,1,1186,158.95,High
39,1,197.71,Regular,3,1,1,311,0,1187,91.355,High
238,2,511.36,Churn Likely,1,2,3,123,1,1188,208.68000000000004,High
2,15,7281.38,VIP,5,5,5,555,0,1189,3644.79,High
3,9,2338.15,VIP,5,5,5,555,0,1190,1171.1750000000002,High
233,2,2040.1,Churn Likely,1,2,4,124,1,1191,974.05,High
16,1,196.94000000000003,Regular,4,1,1,411,0,1192,95.57000000000001,High
7,1,144.0,Regular,5,1,1,511,0,1193,70.89999999999999,High
38,1,214.89999999999998,Regular,3,1,1,311,0,1194,100.14999999999999,High
28,2,646.68,Regular,4,2,3,423,0,1195,318.34,High
210,2,9864.26,Churn Likely,1,2,5,125,1,1196,4890.7300000000005,High
316,1,452.84999999999997,Churn Likely,1,1,2,112,1,1197,163.52499999999998,High
91,2,437.6,Regular,2,2,2,222,0,1198,201.20000000000002,High
108,3,418.09999999999997,Regular,2,3,2,232,0,1199,188.35,High
37,10,3338.2200000000003,Loyal,3,5,5,355,0,1200,1664.71,High
50,2,618.27,Regular,3,2,3,323,0,1201,299.735,High
18,4,3811.22,Loyal,4,4,5,445,0,1202,1903.21,High
9,8,3023.08,VIP,5,5,5,555,0,1203,1512.14,High
28,7,1032.58,VIP,4,5,4,454,0,1204,512.79,High
28,10,2599.04,VIP,4,5,5,455,0,1205,1296.92,High
189,5,577.0600000000001,Churn Likely,1,4,3,143,1,1206,252.23000000000002,High
58,1,153.12,Regular,3,1,1,311,0,1207,65.25999999999999,Medium
21,1,739.1999999999999,Regular,4,1,3,413,0,1208,365.7,High
78,2,254.18,Regular,2,2,2,222,0,1209,112.09,High
59,1,1579.51,Regular,3,1,4,314,0,1210,778.255,High
77,3,1126.85,Regular,2,3,4,234,0,1211,548.925,High
22,5,2099.54,VIP,4,4,5,445,0,1212,1046.87,High
51,1,1193.32,Regular,3,1,4,314,0,1213,586.7599999999999,High
73,1,704.0400000000001,Regular,2,1,3,213,0,1214,337.72,High
56,5,3344.38,Loyal,3,4,5,345,0,1215,1662.49,High
277,1,315.6,Churn Likely,1,1,2,112,1,1216,102.70000000000002,High
1,4,2291.19,Loyal,5,4,5,545,0,1217,1146.595,High
94,2,713.3,Regular,2,2,3,223,0,1218,338.45,High
28,1,352.98,Regular,4,1,2,412,0,1219,171.19000000000003,High
21,1,177.31,Regular,4,1,1,411,0,1220,84.755,High
15,9,3641.24,VIP,4,5,5,455,0,1221,1820.32,High
14,3,1339.41,Loyal,4,3,4,434,0,1222,667.8050000000001,High
1,20,13689.67,VIP,5,5,5,555,0,1223,6850.635,High
231,1,180.1,Churn Likely,1,1,1,111,1,1224,44.14999999999999,Medium
275,1,305.1,Churn Likely,1,1,2,112,1,1225,97.85000000000002,High
105,2,641.13,Regular,2,2,3,223,0,1226,300.165,High
211,2,2683.82,Churn Likely,1,2,5,125,1,1227,1300.31,High
22,9,6620.48,VIP,4,5,5,455,0,1228,3308.5399999999995,High
10,7,4478.53,VIP,5,5,5,555,0,1229,2239.365,High
3,3,786.46,Loyal,5,3,3,533,0,1230,393.53,High
9,2,1270.88,Regular,5,2,4,524,0,1231,634.2400000000001,High
56,1,640.5,Regular,3,1,3,313,0,1232,309.35,High
58,4,2163.98,Loyal,3,4,5,345,0,1233,1071.5900000000001,High
89,2,1689.18,Regular,2,2,4,224,0,1234,827.3900000000001,High
66,8,6002.9,Regular,3,5,5,355,0,1235,2990.65,High
32,1,671.69,Regular,4,1,3,413,0,1236,329.74500000000006,High
238,1,486.1,Churn Likely,1,1,2,112,1,1237,195.75000000000003,High
23,3,1174.58,Loyal,4,3,4,434,0,1238,583.5899999999999,High
114,1,185.9,Regular,2,1,1,211,0,1239,70.45,High
24,3,1013.26,Loyal,4,3,4,434,0,1240,502.72999999999996,High
127,6,3344.64,At Risk,2,5,5,255,0,1241,1648.7199999999998,High
129,1,477.91,At Risk,2,1,2,212,0,1242,213.455,High
33,4,1775.18,Loyal,3,4,4,344,0,1243,882.19,High
4,2,1346.97,Regular,5,2,4,524,0,1244,673.2850000000001,High
21,12,3722.82,VIP,4,5,5,455,0,1245,1860.81,High
154,1,318.05,At Risk,2,1,2,212,0,1246,128.525,High
106,3,623.51,Regular,2,3,3,233,0,1247,291.455,High
2,1,314.44,Regular,5,1,2,512,0,1248,157.12,High
334,1,114.0,Churn Likely,1,1,1,111,1,1249,-9.5,Low
330,1,919.98,Churn Likely,1,1,3,113,1,1250,394.29,High
148,2,2209.85,At Risk,2,2,5,225,0,1251,1075.925,High
10,5,601.98,VIP,5,4,3,543,0,1252,300.49,High
16,5,4051.17,VIP,4,4,5,445,0,1253,2023.885,High
10,4,1643.18,Loyal,5,4,4,544,0,1254,820.7900000000001,High
18,1,686.05,Regular,4,1,3,413,0,1255,339.72499999999997,High
29,1,91.68,Regular,4,1,1,411,0,1256,40.34,Medium
10,1,245.1,Regular,5,1,1,511,0,1257,120.85,High
0,11,3849.78,VIP,5,5,5,555,0,1258,1928.19,High
7,9,4881.88,VIP,5,5,5,555,0,1259,2442.24,High
324,1,63.0,Churn Likely,1,1,1,111,1,1260,-33.0,Low
57,1,620.13,Regular,3,1,3,313,0,1261,298.96500000000003,High
11,4,3807.15,Loyal,5,4,5,545,0,1262,1902.575,High
150,3,2744.0299999999997,At Risk,2,3,5,235,0,1263,1342.915,High
9,5,2996.05,VIP,5,4,5,545,0,1264,1497.7250000000001,High
329,1,225.89999999999998,Churn Likely,1,1,1,111,1,1265,47.44999999999999,Medium
4,2,610.52,Regular,5,2,3,523,0,1266,305.06,High
38,4,1970.6,Loyal,3,4,4,344,0,1267,978.9,High
24,6,1331.39,VIP,4,5,4,454,0,1268,662.695,High
41,12,17628.46,Loyal,3,5,5,355,0,1269,8809.63,High
58,4,1113.02,Loyal,3,4,4,344,0,1270,546.11,High
0,4,862.81,Loyal,5,4,3,543,0,1271,432.60499999999996,High
14,22,13787.54,VIP,4,5,5,455,0,1272,6897.570000000001,High
3,31,12279.82,VIP,5,5,5,555,0,1273,6148.61,High
3,15,8476.57,VIP,5,5,5,555,0,1274,4242.1849999999995,High
7,7,2283.63,VIP,5,5,5,555,0,1275,1142.5149999999999,High
27,6,2863.08,VIP,4,5,5,455,0,1276,1427.9399999999998,High
371,1,89.14,Lost,1,1,1,111,1,1277,-29.330000000000005,Low
113,1,4873.8099999999995,Regular,2,1,5,215,0,1278,2414.605,High
25,2,1247.61,Regular,4,2,4,424,0,1279,619.405,High
205,1,389.01,Churn Likely,1,1,2,112,1,1280,153.805,High
27,6,1035.8,VIP,4,5,4,454,0,1281,514.3,High
126,4,855.91,At Risk,2,4,3,243,0,1282,403.955,High
69,2,869.67,Regular,3,2,3,323,0,1283,421.635,High
6,4,582.1,Loyal,5,4,3,543,0,1284,291.05,High
28,3,957.59,Loyal,4,3,4,434,0,1285,474.09499999999997,High
7,4,4939.99,Loyal,5,4,5,545,0,1286,2469.7949999999996,High
79,2,797.71,Regular,2,2,3,223,0,1287,383.65500000000003,High
19,1,219.0,Regular,4,1,1,411,0,1288,106.0,High
70,1,283.55,Regular,3,1,2,312,0,1289,128.07500000000002,High
6,8,2340.84,VIP,5,5,5,555,0,1290,1171.6200000000001,High
14,9,6868.29,VIP,4,5,5,455,0,1291,3434.0449999999996,High
291,1,603.42,Churn Likely,1,1,3,113,1,1292,243.81,High
29,10,2712.91,VIP,4,5,5,455,0,1293,1353.655,High
14,15,9706.52,VIP,4,5,5,455,0,1294,4854.96,High
96,3,1149.02,Regular,2,3,4,234,0,1295,556.2099999999999,High
28,13,4396.13,VIP,4,5,5,455,0,1296,2196.3650000000002,High
0,1,848.55,Regular,5,1,3,513,0,1297,424.575,High
8,5,4708.86,VIP,5,4,5,545,0,1298,2354.33,High
105,1,343.36,Regular,2,1,2,212,0,1299,150.98000000000002,High
3,2,1053.49,Regular,5,2,4,524,0,1300,526.745,High
150,2,1030.98,At Risk,2,2,4,224,0,1301,486.09000000000003,High
70,1,238.25,Regular,3,1,1,311,0,1302,105.425,High
4,2,644.95,Regular,5,2,3,523,0,1303,322.27500000000003,High
2,25,5781.73,VIP,5,5,5,555,0,1304,2897.9649999999997,High
31,6,2656.13,Loyal,4,5,5,455,0,1305,1323.665,High
84,4,997.63,Regular,2,4,4,244,0,1306,483.215,High
3,5,725.07,VIP,5,4,3,543,0,1307,363.435,High
4,4,1031.41,Loyal,5,4,4,544,0,1308,516.1050000000001,High
370,1,427.8,Lost,1,1,2,112,1,1309,140.20000000000002,High
27,7,2609.1,VIP,4,5,5,455,0,1310,1301.2499999999998,High
10,7,3980.7,VIP,5,5,5,555,0,1311,1990.4499999999998,High
70,4,836.33,Regular,3,4,3,343,0,1312,405.365,High
113,1,453.01,Regular,2,1,2,212,0,1313,204.205,High
23,12,18895.91,VIP,4,5,5,455,0,1314,9446.955,High
179,1,236.26000000000002,At Risk,1,1,1,111,0,1315,82.63,High
233,1,383.95,Churn Likely,1,1,2,112,1,1316,145.675,High
352,1,110.39999999999999,Churn Likely,1,1,1,111,1,1317,-14.900000000000013,Low
314,2,779.5699999999999,Churn Likely,1,2,3,123,1,1318,327.585,High
332,1,234.0,Churn Likely,1,1,1,111,1,1319,50.89999999999999,Medium
371,1,155.35,Lost,1,1,1,111,1,1320,3.7749999999999915,Low
77,2,1013.04,Regular,2,2,4,224,0,1321,491.72,High
63,1,427.6,Regular,3,1,2,312,0,1322,201.50000000000003,High
133,2,540.13,At Risk,2,2,3,223,0,1323,244.06500000000003,High
51,7,21279.29,Loyal,3,5,5,355,0,1324,10631.545,High
1,11,4196.01,VIP,5,5,5,555,0,1325,2101.1050000000005,High
0,209,33053.19,VIP,5,5,5,555,0,1326,16589.295000000002,High
3,5,4090.88,VIP,5,4,5,545,0,1327,2046.3400000000001,High
128,1,275.88,At Risk,2,1,2,212,0,1328,112.64000000000001,High
80,1,4366.78,Regular,2,1,5,215,0,1329,2167.69,High
22,6,21429.39,VIP,4,5,5,455,0,1330,10712.095,High
235,3,3010.74,Churn Likely,1,3,5,135,1,1331,1459.27,High
280,2,3811.95,Churn Likely,1,2,5,125,1,1332,1850.5749999999998,High
86,1,112.07999999999998,Regular,2,1,1,211,0,1333,39.139999999999986,Low
15,13,7834.650000000001,VIP,4,5,5,455,0,1334,3918.2250000000004,High
116,2,2791.59,Regular,2,2,5,225,0,1335,1373.195,High
51,3,1531.44,Loyal,3,3,4,334,0,1336,756.42,High
7,2,1898.52,Regular,5,2,4,524,0,1337,948.46,High
137,2,494.08,At Risk,2,2,3,223,0,1338,220.23999999999998,High
316,1,1693.88,Churn Likely,1,1,4,114,1,1339,784.04,High
3,7,6989.63,VIP,5,5,5,555,0,1340,3496.315,High
238,1,1143.6,Churn Likely,1,1,4,114,1,1341,524.4999999999999,High
210,1,1351.45,Churn Likely,1,1,4,114,1,1342,634.025,High
59,1,892.47,Regular,3,1,3,313,0,1343,434.735,High
16,5,1386.04,VIP,4,4,4,444,0,1344,691.3199999999999,High
19,6,822.23,VIP,4,5,3,453,0,1345,409.115,High
37,8,3981.36,Loyal,3,5,5,355,0,1346,1985.68,High
63,2,826.74,Regular,3,2,3,323,0,1347,401.37,High
4,5,2330.92,VIP,5,4,5,545,0,1348,1166.16,High
1,6,2225.91,VIP,5,5,5,555,0,1349,1114.5549999999998,High
8,2,532.8199999999999,Regular,5,2,3,523,0,1350,265.40999999999997,High
363,1,311.95,Churn Likely,1,1,2,112,1,1351,83.675,High
9,3,463.66,Loyal,5,3,2,532,0,1352,230.93,High
64,1,91.85,Regular,3,1,1,311,0,1353,33.425,Low
191,1,324.92,Churn Likely,1,1,2,112,1,1354,124.56000000000002,High
373,1,192.60000000000002,Lost,1,1,1,111,1,1355,22.0,Low
256,1,400.53999999999996,Churn Likely,1,1,2,112,1,1356,149.37,High
334,2,545.48,Churn Likely,1,2,3,123,1,1357,206.54000000000002,High
52,2,860.41,Regular,3,2,3,323,0,1358,420.40500000000003,High
18,1,430.48,Regular,4,1,2,412,0,1359,211.94000000000003,High
365,1,254.03,Churn Likely,1,1,2,112,1,1360,54.315,Medium
9,3,6977.04,Loyal,5,3,5,535,0,1361,3487.62,High
186,1,427.58,Churn Likely,1,1,2,112,1,1362,176.89,High
36,3,483.65000000000003,Loyal,3,3,2,332,0,1363,235.52500000000003,High
177,1,489.31,At Risk,2,1,3,213,0,1364,209.555,High
260,3,514.85,Churn Likely,1,3,3,133,1,1365,206.325,High
44,1,229.64000000000001,Regular,3,1,1,311,0,1366,106.32000000000001,High
101,1,125.92,Regular,2,1,1,211,0,1367,43.059999999999995,Medium
147,2,1063.46,At Risk,2,2,4,224,0,1368,502.93000000000006,High
95,2,572.2,Regular,2,2,3,223,0,1369,267.70000000000005,High
280,1,166.04,Churn Likely,1,1,1,111,1,1370,27.319999999999993,Low
261,1,1542.08,Churn Likely,1,1,4,114,1,1371,719.1399999999999,High
2,4,942.34,Loyal,5,4,4,544,0,1372,471.97,High
213,1,92.72,Churn Likely,1,1,1,111,1,1373,4.059999999999995,Low
70,2,948.88,Regular,3,2,4,324,0,1374,461.04,High
74,5,1759.5,Regular,2,4,4,244,0,1375,866.45,High
59,1,397.12,Regular,3,1,2,312,0,1376,187.06,High
2,7,1474.72,VIP,5,5,4,554,0,1377,739.0600000000001,High
5,3,430.15000000000003,Loyal,5,3,2,532,0,1378,214.97500000000002,High
2,6,1018.71,VIP,5,5,4,554,0,1379,510.75500000000005,High
336,2,293.0,Churn Likely,1,2,2,122,1,1380,79.89999999999999,High
37,6,6814.64,Loyal,3,5,5,355,0,1381,3401.7200000000003,High
261,1,215.05,Churn Likely,1,1,1,111,1,1382,55.625,Medium
31,2,383.03,Regular,4,2,2,422,0,1383,185.915,High
144,1,417.38,At Risk,2,1,2,212,0,1384,180.19,High
282,1,312.38,Churn Likely,1,1,2,112,1,1385,100.09,High
58,4,2610.36,Loyal,3,4,5,345,0,1386,1294.7800000000002,High
172,1,134.1,At Risk,2,1,1,211,0,1387,32.949999999999996,Low
33,2,671.95,Regular,3,2,3,323,0,1388,329.975,High
2,14,5591.42,VIP,5,5,5,555,0,1389,2799.5099999999998,High
143,4,2726.77,At Risk,2,4,5,245,0,1390,1335.9850000000001,High
4,25,3991.58,VIP,5,5,5,555,0,1391,2002.49,High
69,2,1118.99,Regular,3,2,4,324,0,1392,546.2950000000001,High
65,8,1702.26,Regular,3,5,4,354,0,1393,840.53,High
28,2,325.96000000000004,Regular,4,2,2,422,0,1394,157.98000000000002,High
266,4,354.09,Churn Likely,1,4,2,142,1,1395,125.04499999999997,High
21,1,843.64,Regular,4,1,3,413,0,1396,417.92,High
30,2,1010.29,Regular,4,2,4,424,0,1397,499.745,High
96,1,131.81,Regular,2,1,1,211,0,1398,47.004999999999995,Medium
294,1,311.55,Churn Likely,1,1,2,112,1,1399,97.275,High
134,6,1957.1000000000001,At Risk,2,5,4,254,0,1400,953.5500000000001,High
78,3,1316.25,Regular,2,3,4,234,0,1401,643.425,High
372,1,38.1,Lost,1,1,1,111,1,1402,-55.050000000000004,Low
7,6,2170.78,VIP,5,5,5,555,0,1403,1085.79,High
210,2,1106.4,Churn Likely,1,2,4,124,1,1404,511.80000000000007,High
51,1,521.2,Regular,3,1,3,313,0,1405,250.70000000000005,High
137,1,147.12,At Risk,2,1,1,211,0,1406,46.459999999999994,Medium
25,2,1568.23,Regular,4,2,4,424,0,1407,779.715,High
282,1,559.12,Churn Likely,1,1,3,113,1,1408,223.46,High
25,7,4009.34,VIP,4,5,5,455,0,1409,2001.77,High
185,6,1607.0600000000002,Churn Likely,1,5,4,154,1,1410,768.33,High
83,2,380.64,Regular,2,2,2,222,0,1411,174.32,High
326,2,599.97,Churn Likely,1,2,3,123,1,1412,235.38500000000005,High
281,1,374.0,Churn Likely,1,1,2,112,1,1413,131.10000000000002,High
142,2,343.2300000000001,At Risk,2,2,2,222,0,1414,143.81500000000003,High
57,2,2218.02,Regular,3,2,5,325,0,1415,1098.2099999999998,High
3,12,1535.77,VIP,5,5,4,554,0,1416,770.885,High
235,2,854.99,Churn Likely,1,2,3,123,1,1417,381.095,High
44,3,573.22,Loyal,3,3,3,333,0,1418,278.71,High
275,1,298.0,Churn Likely,1,1,2,112,1,1419,94.30000000000001,High
8,2,1463.04,Regular,5,2,4,524,0,1420,730.52,High
24,4,703.47,Loyal,4,4,3,443,0,1421,348.135,High
87,1,309.05,Regular,2,1,2,212,0,1422,137.425,High
62,3,1175.22,Regular,3,3,4,334,0,1423,576.11,High
67,2,1378.4,Regular,3,2,4,324,0,1424,676.4000000000001,High
213,2,354.12,Churn Likely,1,2,2,122,1,1425,135.06,High
23,1,376.71999999999997,Regular,4,1,2,412,0,1426,184.06,High
185,3,331.0,Churn Likely,1,3,2,132,1,1427,129.4,High
30,1,176.55,Regular,4,1,1,411,0,1428,82.575,High
41,2,372.8,Regular,3,2,2,322,0,1429,178.8,High
204,2,216.5,Churn Likely,1,2,1,121,1,1430,68.04999999999998,Medium
8,28,17654.54,VIP,5,5,5,555,0,1431,8834.07,High
264,1,138.68,Churn Likely,1,1,1,111,1,1432,16.839999999999996,Low
17,2,496.06,Regular,4,2,3,423,0,1433,245.23,High
11,5,2919.81,VIP,5,4,5,545,0,1434,1459.205,High
175,2,750.0,At Risk,2,2,3,223,0,1435,340.6,High
39,5,2178.67,Loyal,3,4,5,345,0,1436,1083.035,High
22,8,3075.04,VIP,4,5,5,455,0,1437,1535.52,High
2,5,1662.3,VIP,5,4,4,544,0,1438,832.25,High
4,5,2483.63,VIP,5,4,5,545,0,1439,1242.515,High
148,2,363.65,At Risk,2,2,2,222,0,1440,152.825,High
138,4,2944.95,At Risk,2,4,5,245,0,1441,1446.075,High
127,1,594.0,At Risk,2,1,3,213,0,1442,271.90000000000003,High
7,6,1335.19,VIP,5,5,4,554,0,1443,667.995,High
16,1,162.78,Regular,4,1,1,411,0,1444,78.49,High
8,37,16587.09,VIP,5,5,5,555,0,1445,8303.045,High
160,1,405.38,At Risk,2,1,2,212,0,1446,170.99,High
63,1,172.82,Regular,3,1,1,311,0,1447,74.10999999999999,High
87,4,933.7,Regular,2,4,4,244,0,1448,450.65000000000003,High
4,2,694.05,Regular,5,2,3,523,0,1449,346.825,High
34,5,2062.7000000000003,Loyal,3,4,5,345,0,1450,1026.0500000000002,High
311,1,117.85,Churn Likely,1,1,1,111,1,1451,-2.9750000000000085,Low
77,2,415.8,Regular,2,2,2,222,0,1452,193.1,High
21,15,42055.96,VIP,4,5,5,455,0,1453,21028.28,High
23,3,607.53,Loyal,4,3,3,433,0,1454,300.06499999999994,High
1,7,2160.7,VIP,5,5,5,555,0,1455,1082.2499999999998,High
16,4,1063.9,Loyal,4,4,4,444,0,1456,529.95,High
14,4,1504.27,Loyal,4,4,4,444,0,1457,750.5350000000001,High
25,1,114.14,Regular,4,1,1,411,0,1458,52.37,Medium
63,8,11581.8,Regular,3,5,5,355,0,1459,5780.699999999999,High
54,2,899.69,Regular,3,2,3,323,0,1460,439.64500000000004,High
130,3,675.6,At Risk,2,3,3,233,0,1461,312.7,High
35,2,604.51,Regular,3,2,3,323,0,1462,295.855,High
287,1,462.95,Churn Likely,1,1,2,112,1,1463,174.375,High
143,6,1603.99,At Risk,2,5,4,254,0,1464,775.1949999999999,High
15,7,2064.95,VIP,4,5,5,455,0,1465,1031.5749999999998,High
30,8,4167.22,VIP,4,5,5,455,0,1466,2080.01,High
1,3,1843.0,Loyal,5,3,4,534,0,1467,922.1999999999999,High
8,6,1064.07,VIP,5,5,4,554,0,1468,532.2349999999999,High
5,4,1387.79,Loyal,5,4,4,544,0,1469,694.095,High
9,1,329.85,Regular,5,1,2,512,0,1470,163.425,High
0,11,4757.16,VIP,5,5,5,555,0,1471,2381.88,High
305,1,108.07,Churn Likely,1,1,1,111,1,1472,-6.665000000000006,Low
9,8,4017.54,VIP,5,5,5,555,0,1473,2009.3700000000001,High
6,2,266.39,Regular,5,2,2,522,0,1474,132.595,High
7,8,1856.63,VIP,5,5,4,554,0,1475,929.315,High
88,1,769.8100000000001,Regular,2,1,3,213,0,1476,367.605,High
9,1,160.18,Regular,5,1,1,511,0,1477,78.59,High
357,2,1660.9,Churn Likely,1,2,4,124,1,1478,759.6500000000001,High
111,1,135.95,Regular,2,1,1,211,0,1479,46.07499999999999,Medium
6,4,405.47,Loyal,5,4,2,542,0,1480,202.735,High
3,86,11189.91,VIP,5,5,5,555,0,1481,5620.155,High
197,1,144.8,Churn Likely,1,1,1,111,1,1482,33.3,Low
211,1,738.6,Churn Likely,1,1,3,113,1,1483,327.40000000000003,High
155,1,39.239999999999995,At Risk,2,1,1,211,0,1484,-11.080000000000002,Low
157,9,7374.900000000001,At Risk,2,5,5,255,0,1485,3658.75,High
29,2,372.21999999999997,Regular,4,2,2,422,0,1486,180.90999999999997,High
242,1,390.54,Churn Likely,1,1,2,112,1,1487,147.17000000000002,High
18,1,97.5,Regular,4,1,1,411,0,1488,45.449999999999996,Medium
0,2,1239.38,Regular,5,2,4,524,0,1489,620.2900000000001,High
73,2,558.7,Regular,2,2,3,223,0,1490,265.35,High
291,1,505.82,Churn Likely,1,1,3,113,1,1491,195.01,High
2,15,6924.110000000001,VIP,5,5,5,555,0,1492,3466.155,High
30,3,409.5,Loyal,4,3,2,432,0,1493,199.65,High
22,2,503.76,Regular,4,2,3,423,0,1494,248.07999999999998,High
22,4,414.76,Loyal,4,4,2,442,0,1495,204.17999999999998,High
3,3,974.4200000000001,Loyal,5,3,4,534,0,1496,487.51,High
84,1,211.32,Regular,2,1,1,211,0,1497,89.16,High
21,4,1226.89,Loyal,4,4,4,444,0,1498,610.445,High
195,3,455.88,Churn Likely,1,3,2,132,1,1499,189.84,High
106,3,534.85,Regular,2,3,3,233,0,1500,247.125,High
3,13,9785.970000000001,VIP,5,5,5,555,0,1501,4896.285,High
317,1,120.94999999999999,Churn Likely,1,1,1,111,1,1502,-2.625000000000014,Low
105,3,149.05,Regular,2,3,1,231,0,1503,54.42500000000001,Medium
11,18,5655.91,VIP,5,5,5,555,0,1504,2831.155,High
173,2,513.7,At Risk,2,2,3,223,0,1505,222.85000000000005,High
55,1,81.57,Regular,3,1,1,311,0,1506,30.084999999999994,Low
322,1,229.46999999999997,Churn Likely,1,1,1,111,1,1507,50.63499999999998,Medium
371,1,50.550000000000004,Lost,1,1,1,111,1,1508,-48.625,Low
8,8,1646.8400000000001,VIP,5,5,4,554,0,1509,824.22,High
0,13,4810.9400000000005,VIP,5,5,5,555,0,1510,2409.3700000000003,High
10,10,3466.2799999999997,VIP,5,5,5,555,0,1511,1734.1399999999999,High
52,5,3339.64,Loyal,3,4,5,345,0,1512,1660.9199999999998,High
72,3,789.89,Regular,2,3,3,233,0,1513,381.445,High
6,1,204.0,Regular,5,1,1,511,0,1514,101.1,High
15,28,7277.7,VIP,4,5,5,455,0,1515,3644.25,High
3,9,2616.38,VIP,5,5,5,555,0,1516,1310.2900000000002,High
63,2,689.9,Regular,3,2,3,323,0,1517,332.95,High
0,5,975.36,VIP,5,4,4,544,0,1518,489.18,High
113,6,6912.0,Regular,2,5,5,255,0,1519,3435.2000000000003,High
22,2,661.3199999999999,Regular,4,2,3,423,0,1520,326.86,High
30,3,1247.5,Loyal,4,3,4,434,0,1521,618.65,High
10,2,752.4399999999999,Regular,5,2,3,523,0,1522,374.82,High
51,2,1010.18,Regular,3,2,4,324,0,1523,495.49,High
356,1,190.55,Churn Likely,1,1,1,111,1,1524,24.375,Low
54,2,642.77,Regular,3,2,3,323,0,1525,311.185,High
73,2,921.88,Regular,2,2,3,223,0,1526,446.94,High
137,3,881.07,At Risk,2,3,3,233,0,1527,414.035,High
79,3,908.46,Regular,2,3,3,233,0,1528,439.33,High
8,2,676.99,Regular,5,2,3,523,0,1529,337.495,High
272,1,516.42,Churn Likely,1,1,3,113,1,1530,204.10999999999999,High
290,1,560.47,Churn Likely,1,1,3,113,1,1531,222.53500000000003,High
98,1,305.28000000000003,Regular,2,1,2,212,0,1532,133.34000000000003,High
30,2,629.31,Regular,4,2,3,423,0,1533,309.255,High
31,10,3237.54,Loyal,4,5,5,455,0,1534,1615.57,High
13,4,1819.41,Loyal,4,4,4,444,0,1535,908.3050000000001,High
63,2,656.6800000000001,Regular,3,2,3,323,0,1536,316.34000000000003,High
14,17,5836.86,VIP,4,5,5,455,0,1537,2920.7299999999996,High
211,1,348.15000000000003,Churn Likely,1,1,2,112,1,1538,132.175,High
77,3,1214.41,Regular,2,3,4,234,0,1539,592.705,High
24,3,271.40000000000003,Loyal,4,3,2,432,0,1540,131.8,High
249,1,183.4,Churn Likely,1,1,1,111,1,1541,42.199999999999996,Medium
253,1,307.53,Churn Likely,1,1,2,112,1,1542,103.465,High
71,1,248.61,Regular,3,1,1,311,0,1543,110.405,High
190,1,346.98,Churn Likely,1,1,2,112,1,1544,135.79000000000002,High
12,4,1105.59,Loyal,5,4,4,544,0,1545,551.595,High
372,1,205.86,Lost,1,1,1,111,1,1546,28.83,Low
23,2,470.8,Regular,4,2,2,422,0,1547,231.4,High
81,1,115.46000000000001,Regular,2,1,1,211,0,1548,41.83,Medium
9,2,344.0,Regular,5,2,2,522,0,1549,170.79999999999998,High
0,24,4431.44,VIP,5,5,5,555,0,1550,2222.9199999999996,High
191,1,228.8,Churn Likely,1,1,1,111,1,1551,76.5,High
266,1,177.15,Churn Likely,1,1,1,111,1,1552,35.675,Low
129,1,919.61,At Risk,2,1,3,213,0,1553,434.305,High
0,4,728.02,Loyal,5,4,3,543,0,1554,365.21,High
2,26,12627.94,VIP,5,5,5,555,0,1555,6321.370000000001,High
3,5,220.10000000000002,VIP,5,4,1,541,0,1556,110.95000000000002,High
178,1,58.08,At Risk,2,1,1,211,0,1557,-6.260000000000002,Low
11,11,28337.38,VIP,5,5,5,555,0,1558,14169.789999999999,High
125,9,3613.63,At Risk,2,5,5,255,0,1559,1784.515,High
3,2,303.75,Regular,5,2,2,522,0,1560,151.875,High
157,2,416.08000000000004,At Risk,2,2,2,222,0,1561,177.24,High
2,97,58762.08,VIP,5,5,5,555,0,1562,29409.739999999998,High
8,14,8910.82,VIP,5,5,5,555,0,1563,4458.009999999999,High
27,1,345.82,Regular,4,1,2,412,0,1564,167.81,High
70,5,477.83,Regular,3,4,2,342,0,1565,226.415,High
275,8,7832.47,Churn Likely,1,5,5,155,1,1566,3863.635,High
20,12,1927.3200000000002,VIP,4,5,4,454,0,1567,963.2600000000001,High
70,1,74.39999999999999,Regular,3,1,1,311,0,1568,23.499999999999993,Low
32,10,6003.22,Loyal,4,5,5,455,0,1569,2998.21,High
0,28,28882.44,VIP,5,5,5,555,0,1570,14449.619999999999,High
98,1,207.35999999999999,Regular,2,1,1,211,0,1571,84.38,High
233,1,101.19,Churn Likely,1,1,1,111,1,1572,4.294999999999995,Low
0,24,6424.09,VIP,5,5,5,555,0,1573,3219.245,High
39,1,243.94,Regular,3,1,1,311,0,1574,114.47,High
2,6,1098.48,VIP,5,5,4,554,0,1575,550.64,High
132,1,76.5,At Risk,2,1,1,211,0,1576,12.149999999999995,Low
43,4,1531.6200000000001,Loyal,3,4,4,344,0,1577,758.4100000000001,High
372,1,350.06,Lost,1,1,2,112,1,1578,100.93,High
59,2,786.54,Regular,3,2,3,323,0,1579,382.07,High
30,7,1488.67,VIP,4,5,4,454,0,1580,740.4350000000001,High
0,24,12245.960000000001,VIP,5,5,5,555,0,1581,6130.18,High
11,4,2294.78,Loyal,5,4,5,545,0,1582,1146.39,High
137,1,501.14,At Risk,2,1,3,213,0,1583,223.47,High
21,8,984.91,VIP,4,5,4,454,0,1584,490.655,High
19,5,1197.81,VIP,4,4,4,444,0,1585,596.605,High
238,1,30.599999999999998,Churn Likely,1,1,1,111,1,1586,-32.0,Low
268,1,283.73,Churn Likely,1,1,2,112,1,1587,88.56500000000003,High
93,2,922.39,Regular,2,2,3,223,0,1588,443.195,High
89,3,3756.33,Regular,2,3,5,235,0,1589,1861.265,High
4,8,2099.64,VIP,5,5,5,555,0,1590,1051.42,High
77,1,259.17,Regular,2,1,2,212,0,1591,114.48500000000001,High
93,1,64.0,Regular,2,1,1,211,0,1592,13.699999999999996,Low
22,3,1073.3,Loyal,4,3,4,434,0,1593,533.15,High
261,1,77.3,Churn Likely,1,1,1,111,1,1594,-13.250000000000007,Low
273,2,109.8,Churn Likely,1,2,1,121,1,1595,0.8999999999999986,Low
85,4,1793.58,Regular,2,4,4,244,0,1596,880.99,High
196,1,3096.0,Churn Likely,1,1,5,115,1,1597,1509.1,High
55,5,2607.61,Loyal,3,4,5,345,0,1598,1294.305,High
10,8,3603.29,VIP,5,5,5,555,0,1599,1802.045,High
21,6,962.39,VIP,4,5,4,454,0,1600,478.795,High
15,7,5064.94,VIP,4,5,5,455,0,1601,2531.5699999999997,High
107,3,422.47,Regular,2,3,2,232,0,1602,190.735,High
84,5,2388.75,Regular,2,4,5,245,0,1603,1179.075,High
18,1,307.09,Regular,4,1,2,412,0,1604,150.245,High
332,1,110.95,Churn Likely,1,1,1,111,1,1605,-10.625000000000007,Low
39,4,618.52,Loyal,3,4,3,343,0,1606,302.65999999999997,High
25,1,228.91,Regular,4,1,1,411,0,1607,109.755,High
9,4,712.8000000000001,Loyal,5,4,3,543,0,1608,355.8,High
28,12,3683.26,VIP,4,5,5,455,0,1609,1839.63,High
13,4,1676.06,Loyal,4,4,4,444,0,1610,836.63,High
295,1,1257.8700000000001,Churn Likely,1,1,4,114,1,1611,570.235,High
5,1,486.22,Regular,5,1,2,512,0,1612,242.41000000000003,High
32,4,971.76,Loyal,4,4,4,444,0,1613,480.68,High
48,4,1741.22,Loyal,3,4,4,344,0,1614,862.21,High
94,4,1201.06,Regular,2,4,4,244,0,1615,582.9300000000001,High
8,4,1429.35,Loyal,5,4,4,544,0,1616,714.275,High
21,1,91.8,Regular,4,1,1,411,0,1617,41.99999999999999,Medium
312,1,112.75,Churn Likely,1,1,1,111,1,1618,-5.7250000000000085,Low
121,4,1688.29,At Risk,2,4,4,244,0,1619,821.145,High
45,2,1021.48,Regular,3,2,4,324,0,1620,502.34000000000003,High
282,1,417.2,Churn Likely,1,1,2,112,1,1621,152.5,High
18,4,791.33,Loyal,4,4,3,443,0,1622,393.265,High
35,4,1299.59,Loyal,3,4,4,344,0,1623,643.995,High
63,2,712.88,Regular,3,2,3,323,0,1624,344.44,High
26,1,108.81,Regular,4,1,1,411,0,1625,49.504999999999995,Medium
21,3,468.41,Loyal,4,3,2,432,0,1626,230.90500000000003,High
3,2,353.65,Regular,5,2,2,522,0,1627,176.825,High
15,3,2742.82,Loyal,4,3,5,435,0,1628,1369.3100000000002,High
45,1,481.49,Regular,3,1,2,312,0,1629,232.04500000000002,High
64,1,282.45,Regular,3,1,2,312,0,1630,128.725,High
25,11,5725.47,VIP,4,5,5,455,0,1631,2861.0350000000003,High
44,1,121.18,Regular,3,1,1,311,0,1632,52.09,Medium
7,9,3957.78,VIP,5,5,5,555,0,1633,1980.19,High
14,10,1668.95,VIP,4,5,4,454,0,1634,834.6750000000001,High
267,1,71.4,Churn Likely,1,1,1,111,1,1635,-17.400000000000006,Low
39,3,1575.89,Loyal,3,3,4,334,0,1636,781.0450000000001,High
336,1,236.02,Churn Likely,1,1,1,111,1,1637,51.11,Medium
10,1,114.60000000000001,Regular,5,1,1,511,0,1638,55.6,Medium
18,2,260.68,Regular,4,2,2,422,0,1639,127.34,High
94,2,911.94,Regular,2,2,3,223,0,1640,437.77000000000004,High
60,1,112.08,Regular,3,1,1,311,0,1641,44.339999999999996,Medium
135,1,60.7,At Risk,2,1,1,211,0,1642,3.650000000000002,Low
10,4,1797.78,Loyal,5,4,4,544,0,1643,898.09,High
9,6,3401.2400000000002,VIP,5,5,5,555,0,1644,1700.6200000000001,High
3,38,9817.12,VIP,5,5,5,555,0,1645,4919.36,High
18,4,870.09,Loyal,4,4,3,443,0,1646,432.645,High
9,4,869.46,Loyal,5,4,3,543,0,1647,434.13,High
14,2,250.26000000000002,Regular,4,2,2,422,0,1648,122.93,High
58,6,1217.65,Loyal,3,5,4,354,0,1649,599.025,High
29,8,5891.61,VIP,4,5,5,455,0,1650,2942.4049999999997,High
93,1,353.48,Regular,2,1,2,212,0,1651,158.44000000000003,High
9,3,1095.42,Loyal,5,3,4,534,0,1652,546.8100000000001,High
19,3,786.83,Loyal,4,3,3,433,0,1653,390.515,High
56,5,1520.58,Loyal,3,4,4,344,0,1654,750.5899999999999,High
267,1,333.74,Churn Likely,1,1,2,112,1,1655,113.77000000000001,High
121,3,533.98,At Risk,2,3,3,233,0,1656,243.69,High
126,1,62.63999999999999,At Risk,2,1,1,211,0,1657,6.419999999999995,Low
77,4,819.2900000000001,Regular,2,4,3,243,0,1658,395.44500000000005,High
239,2,847.41,Churn Likely,1,2,3,123,1,1659,376.505,High
199,2,163.20000000000002,Churn Likely,1,2,1,121,1,1660,42.4,Medium
59,2,2155.95,Regular,3,2,5,325,0,1661,1066.7749999999999,High
2,7,6463.84,VIP,5,5,5,555,0,1662,3233.62,High
272,1,108.21000000000001,Churn Likely,1,1,1,111,1,1663,0.0049999999999954525,Low
201,1,257.7,Churn Likely,1,1,2,112,1,1664,88.95,High
80,1,358.0,Regular,2,1,2,212,0,1665,163.3,High
225,1,160.95,Churn Likely,1,1,1,111,1,1666,35.77499999999999,Low
3,14,2755.63,VIP,5,5,5,555,0,1667,1381.4150000000002,High
12,7,1328.35,VIP,5,5,4,554,0,1668,663.875,High
73,2,605.12,Regular,2,2,3,223,0,1669,288.56,High
211,1,1031.07,Churn Likely,1,1,4,114,1,1670,473.63499999999993,High
24,2,744.85,Regular,4,2,3,423,0,1671,368.225,High
16,4,700.73,Loyal,4,4,3,443,0,1672,348.365,High
261,1,329.56,Churn Likely,1,1,2,112,1,1673,112.88000000000001,High
95,4,663.65,Regular,2,4,3,243,0,1674,314.025,High
111,3,270.40000000000003,Regular,2,3,2,232,0,1675,113.90000000000002,High
202,1,585.12,Churn Likely,1,1,3,113,1,1676,252.46,High
92,1,121.74000000000001,Regular,2,1,1,211,0,1677,42.769999999999996,Medium
50,1,430.5,Regular,3,1,2,312,0,1678,205.55,High
17,6,1961.52,VIP,4,5,4,454,0,1679,979.16,High
17,4,501.12,Loyal,4,4,3,443,0,1680,248.35999999999999,High
124,2,465.68,At Risk,2,2,2,222,0,1681,208.64,High
91,3,711.41,Regular,2,3,3,233,0,1682,338.405,High
156,2,1030.4,At Risk,2,2,4,224,0,1683,484.6000000000001,High
8,2,399.51,Regular,5,2,2,522,0,1684,198.755,High
11,3,672.83,Loyal,5,3,3,533,0,1685,335.115,High
61,1,283.18,Regular,3,1,2,312,0,1686,129.69000000000003,High
60,1,557.62,Regular,3,1,3,313,0,1687,267.11,High
268,2,944.1,Churn Likely,1,2,4,124,1,1688,419.05,High
262,1,200.29,Churn Likely,1,1,1,111,1,1689,48.04499999999999,Medium
0,35,7436.93,VIP,5,5,5,555,0,1690,3728.965,High
52,5,2092.66,Loyal,3,4,5,345,0,1691,1037.4299999999998,High
10,12,3834.2599999999998,VIP,5,5,5,555,0,1692,1918.7299999999998,High
2,19,4521.49,VIP,5,5,5,555,0,1693,2266.0449999999996,High
17,11,3174.75,VIP,4,5,5,455,0,1694,1587.2749999999999,High
0,15,5343.28,VIP,5,5,5,555,0,1695,2676.14,High
365,1,590.0,Churn Likely,1,1,3,113,1,1696,222.3,High
36,1,211.49,Regular,3,1,1,311,0,1697,98.845,High
30,2,276.56,Regular,4,2,2,422,0,1698,132.88,High
112,1,138.98,Regular,2,1,1,211,0,1699,47.389999999999986,Medium
63,2,590.9300000000001,Regular,3,2,3,323,0,1700,283.46500000000003,High
15,4,258.4,Loyal,4,4,2,442,0,1701,127.39999999999998,High
40,1,542.73,Regular,3,1,3,313,0,1702,263.665,High
77,1,137.75,Regular,2,1,1,211,0,1703,53.775,Medium
121,3,798.46,At Risk,2,3,3,233,0,1704,375.93,High
17,3,1132.14,Loyal,4,3,4,434,0,1705,563.57,High
59,2,93.66,Regular,3,2,1,321,0,1706,35.629999999999995,Low
330,1,201.19,Churn Likely,1,1,1,111,1,1707,34.894999999999996,Low
22,4,2709.12,Loyal,4,4,5,445,0,1708,1351.36,High
155,1,361.11,At Risk,2,1,2,212,0,1709,149.85500000000002,High
38,2,578.9399999999999,Regular,3,2,3,323,0,1710,282.46999999999997,High
189,2,873.74,Churn Likely,1,2,3,123,1,1711,399.67,High
359,1,201.20000000000002,Churn Likely,1,1,1,111,1,1712,29.10000000000001,Low
136,1,87.4,At Risk,2,1,1,211,0,1713,16.799999999999997,Low
7,4,2089.85,Loyal,5,4,5,545,0,1714,1044.725,High
0,1,360.0,Regular,5,1,2,512,0,1715,180.3,High
267,1,142.5,Churn Likely,1,1,1,111,1,1716,18.14999999999999,Low
168,1,371.89,At Risk,2,1,2,212,0,1717,152.645,High
103,4,618.09,Regular,2,4,3,243,0,1718,289.645,High
154,1,63.75,At Risk,2,1,1,211,0,1719,1.3749999999999964,Low
350,1,300.42,Churn Likely,1,1,2,112,1,1720,80.51000000000002,High
3,10,2000.86,VIP,5,5,4,554,0,1721,1002.8299999999999,High
119,1,15.0,Regular,2,1,1,211,0,1722,-16.0,Low
22,3,1385.51,Loyal,4,3,4,434,0,1723,689.255,High
6,5,1456.79,VIP,5,4,4,544,0,1724,728.6949999999999,High
27,3,1132.03,Loyal,4,3,4,434,0,1725,561.515,High
3,2,598.57,Regular,5,2,3,523,0,1726,299.285,High
21,5,1555.32,VIP,4,4,4,444,0,1727,774.9599999999999,High
1,3,775.94,Loyal,5,3,3,533,0,1728,388.67,High
36,4,5732.93,Loyal,3,4,5,345,0,1729,2860.465,High
65,6,2273.68,Regular,3,5,5,355,0,1730,1125.6399999999999,High
0,3,640.76,Loyal,5,3,3,533,0,1731,321.28,High
4,26,10845.550000000001,VIP,5,5,5,555,0,1732,5429.775000000001,High
77,4,1532.2,Regular,2,4,4,244,0,1733,751.9000000000001,High
71,2,567.36,Regular,3,2,3,323,0,1734,270.08000000000004,High
16,1,199.48000000000002,Regular,4,1,1,411,0,1735,96.84,High
2,5,787.85,VIP,5,4,3,543,0,1736,395.02500000000003,High
35,10,7121.95,Loyal,3,5,5,355,0,1737,3556.975,High
81,1,675.3,Regular,2,1,3,213,0,1738,321.75,High
38,8,3627.77,Loyal,3,5,5,355,0,1739,1808.6850000000002,High
315,1,1308.48,Churn Likely,1,1,4,114,1,1740,591.54,High
31,2,789.0,Regular,4,2,3,423,0,1741,388.90000000000003,High
92,3,1140.93,Regular,2,3,4,234,0,1742,552.965,High
13,1,350.9,Regular,4,1,2,412,0,1743,173.15,High
81,3,3502.32,Regular,2,3,5,235,0,1744,1735.8600000000001,High
76,1,795.12,Regular,2,1,3,213,0,1745,382.66,High
157,1,487.02,At Risk,2,1,2,212,0,1746,212.41,High
200,1,860.12,Churn Likely,1,1,3,113,1,1747,390.36,High
44,7,10736.48,Loyal,3,5,5,355,0,1748,5361.54,High
260,1,775.85,Churn Likely,1,1,3,113,1,1749,336.225,High
177,1,353.43,At Risk,2,1,2,212,0,1750,141.615,High
67,3,2511.69,Regular,3,3,5,335,0,1751,1243.345,High
287,1,389.5,Churn Likely,1,1,2,112,1,1752,137.65,High
69,1,341.36,Regular,3,1,2,312,0,1753,157.18,High
63,1,233.76,Regular,3,1,1,311,0,1754,104.57999999999998,High
10,1,247.32,Regular,5,1,1,511,0,1755,121.96,High
15,2,979.12,Regular,4,2,4,424,0,1756,487.16,High
65,1,373.94,Regular,3,1,2,312,0,1757,174.27,High
59,1,397.97999999999996,Regular,3,1,2,312,0,1758,187.48999999999998,High
70,1,743.53,Regular,3,1,3,313,0,1759,358.065,High
121,1,674.7,At Risk,2,1,3,213,0,1760,313.45000000000005,High
79,1,768.24,Regular,2,1,3,213,0,1761,368.62,High
256,1,609.4,Churn Likely,1,1,3,113,1,1762,253.8,High
268,1,439.03,Churn Likely,1,1,2,112,1,1763,166.215,High
63,1,439.56,Regular,3,1,2,312,0,1764,207.48000000000002,High
8,4,3090.7400000000002,Loyal,5,4,5,545,0,1765,1544.9700000000003,High
17,2,992.5,Regular,4,2,4,424,0,1766,493.45000000000005,High
70,1,134.95999999999998,Regular,3,1,1,311,0,1767,53.77999999999999,Medium
33,2,2225.37,Regular,3,2,5,325,0,1768,1106.685,High
49,1,56.160000000000004,Regular,3,1,1,311,0,1769,18.580000000000002,Low
256,2,623.4,Churn Likely,1,2,3,123,1,1770,261.1,High
365,1,308.28000000000003,Churn Likely,1,1,2,112,1,1771,81.44000000000003,High
371,1,754.87,Lost,1,1,3,113,1,1772,303.535,High
89,1,378.64,Regular,2,1,2,212,0,1773,171.82,High
60,3,3312.25,Loyal,3,3,5,335,0,1774,1645.025,High
88,1,778.65,Regular,2,1,3,213,0,1775,372.025,High
98,3,1019.76,Regular,2,3,4,234,0,1776,491.17999999999995,High
25,3,572.56,Loyal,4,3,3,433,0,1777,282.17999999999995,High
31,6,3639.31,Loyal,4,5,5,455,0,1778,1815.2549999999999,High
280,1,222.99,Churn Likely,1,1,1,111,1,1779,55.795,Medium
30,7,4151.93,VIP,4,5,5,455,0,1780,2072.065,High
329,1,534.57,Churn Likely,1,1,3,113,1,1781,201.78500000000003,High
130,2,677.1,At Risk,2,2,3,223,0,1782,313.15000000000003,High
10,3,797.96,Loyal,5,3,3,533,0,1783,397.88,High
74,1,544.08,Regular,2,1,3,213,0,1784,257.54,High
203,1,59.8,Churn Likely,1,1,1,111,1,1785,-10.400000000000002,Low
1,8,2520.02,VIP,5,5,5,555,0,1786,1262.21,High
184,1,307.72,Churn Likely,1,1,2,112,1,1787,117.36000000000001,High
28,2,1360.99,Regular,4,2,4,424,0,1788,675.495,High
72,5,1544.13,Regular,2,4,4,244,0,1789,759.1650000000001,High
191,1,457.34,Churn Likely,1,1,2,112,1,1790,190.76999999999998,High
126,2,621.23,At Risk,2,2,3,223,0,1791,286.01500000000004,High
17,1,75.0,Regular,4,1,1,411,0,1792,34.4,Low
0,2,252.49,Regular,5,2,2,522,0,1793,126.845,High
73,3,572.451,Regular,2,3,3,233,0,1794,272.52549999999997,High
1,62,28117.04,VIP,5,5,5,555,0,1795,14076.92,High
23,5,1003.06,VIP,4,4,4,444,0,1796,498.42999999999995,High
106,1,213.55,Regular,2,1,1,211,0,1797,85.875,High
133,3,1390.5,At Risk,2,3,4,234,0,1798,669.55,High
43,2,712.5,Regular,3,2,3,323,0,1799,348.25,High
4,2,640.83,Regular,5,2,3,523,0,1800,320.21500000000003,High
11,18,6127.43,VIP,5,5,5,555,0,1801,3066.9150000000004,High
63,1,221.06,Regular,3,1,1,311,0,1802,98.22999999999999,High
149,2,159.85,At Risk,2,2,1,221,0,1803,50.724999999999994,Medium
39,2,1833.71,Regular,3,2,4,324,0,1804,909.6550000000001,High
63,1,2626.3,Regular,3,1,5,315,0,1805,1300.8500000000001,High
107,3,1624.21,Regular,2,3,4,234,0,1806,791.605,High
0,10,3641.32,VIP,5,5,5,555,0,1807,1823.66,High
18,3,582.6,Loyal,4,3,3,433,0,1808,288.59999999999997,High
9,1,201.78,Regular,5,1,1,511,0,1809,99.39,High
10,4,1006.8,Loyal,5,4,4,544,0,1810,502.59999999999997,High
18,2,679.45,Regular,4,2,3,423,0,1811,336.725,High
66,2,1269.1,Regular,3,2,4,324,0,1812,621.9499999999999,High
73,2,534.24,Regular,2,2,3,223,0,1813,253.12000000000003,High
4,7,3809.8900000000003,VIP,5,5,5,555,0,1814,1906.2450000000001,High
1,1,196.89,Regular,5,1,1,511,0,1815,98.54499999999999,High
13,7,3408.06,VIP,4,5,5,455,0,1816,1703.53,High
254,1,283.71,Churn Likely,1,1,2,112,1,1817,91.35499999999999,High
91,1,296.64,Regular,2,1,2,212,0,1818,130.42000000000002,High
22,3,1129.14,Loyal,4,3,4,434,0,1819,561.07,High
16,6,3534.69,VIP,4,5,5,455,0,1820,1765.945,High
23,1,291.88,Regular,4,1,2,412,0,1821,141.64000000000001,High
26,6,2043.7199999999998,VIP,4,5,4,454,0,1822,1018.4599999999998,High
25,5,2898.2599999999998,VIP,4,4,5,445,0,1823,1445.6299999999999,High
258,2,590.0,Churn Likely,1,2,3,123,1,1824,244.00000000000003,High
165,2,356.97999999999996,At Risk,2,2,2,222,0,1825,146.08999999999997,High
24,2,1058.34,Regular,4,2,4,424,0,1826,524.97,High
17,6,1766.72,VIP,4,5,4,454,0,1827,881.76,High
6,14,9646.57,VIP,5,5,5,555,0,1828,4826.285,High
28,2,183.44,Regular,4,2,1,421,0,1829,86.72,High
38,3,1445.0,Loyal,3,3,4,334,0,1830,715.8,High
252,1,151.5,Churn Likely,1,1,1,111,1,1831,25.64999999999999,Low
57,1,674.68,Regular,3,1,3,313,0,1832,326.24,High
183,1,307.9,Churn Likely,1,1,2,112,1,1833,117.65,High
10,2,1071.91,Regular,5,2,4,524,0,1834,534.5550000000001,High
1,37,5704.97,VIP,5,5,5,555,0,1835,2863.385,High
98,2,165.0,Regular,2,2,1,221,0,1836,63.49999999999999,Medium
0,4,2501.84,Loyal,5,4,5,545,0,1837,1252.1200000000001,High
60,2,422.64,Regular,3,2,2,322,0,1838,199.92,High
235,1,226.84,Churn Likely,1,1,1,111,1,1839,66.72,Medium
190,4,1431.78,Churn Likely,1,4,4,144,1,1840,679.09,High
178,2,1238.47,At Risk,2,2,4,224,0,1841,584.235,High
37,6,1454.58,Loyal,3,5,4,354,0,1842,721.6899999999999,High
200,2,300.95,Churn Likely,1,2,2,122,1,1843,111.07499999999999,High
45,5,1804.56,Loyal,3,4,4,344,0,1844,894.78,High
231,1,184.64,Churn Likely,1,1,1,111,1,1845,46.41999999999999,Medium
65,1,140.34,Regular,3,1,1,311,0,1846,57.47,Medium
240,1,313.8,Churn Likely,1,1,2,112,1,1847,109.20000000000002,High
232,1,454.24,Churn Likely,1,1,2,112,1,1848,181.02,High
77,3,1122.41,Regular,2,3,4,234,0,1849,546.705,High
57,3,575.4,Loyal,3,3,3,333,0,1850,277.2,High
16,13,8968.31,VIP,4,5,5,455,0,1851,4484.855,High
104,4,449.52,Regular,2,4,2,242,0,1852,205.15999999999997,High
51,10,1215.82,Loyal,3,5,4,354,0,1853,600.7099999999999,High
135,3,1269.84,At Risk,2,3,4,234,0,1854,608.8199999999999,High
274,2,618.63,Churn Likely,1,2,3,123,1,1855,255.115,High
311,1,316.26000000000005,Churn Likely,1,1,2,112,1,1856,96.23000000000003,High
7,5,2044.8700000000001,VIP,5,4,4,544,0,1857,1022.5350000000001,High
10,2,653.33,Regular,5,2,3,523,0,1858,325.26500000000004,High
282,2,348.05,Churn Likely,1,2,2,122,1,1859,118.225,High
17,5,1159.11,VIP,4,4,4,444,0,1860,577.655,High
22,3,1166.77,Loyal,4,3,4,434,0,1861,579.885,High
287,1,1340.32,Churn Likely,1,1,4,114,1,1862,613.06,High
16,3,292.0,Loyal,4,3,2,432,0,1863,143.70000000000002,High
70,1,216.85,Regular,3,1,1,311,0,1864,94.725,High
63,1,295.93,Regular,3,1,2,312,0,1865,135.66500000000002,High
72,4,4393.63,Regular,2,4,5,245,0,1866,2183.615,High
315,2,458.52,Churn Likely,1,2,2,122,1,1867,166.85999999999999,High
2,4,2479.16,Loyal,5,4,5,545,0,1868,1240.3799999999999,High
243,1,110.97,Churn Likely,1,1,1,111,1,1869,7.184999999999995,Low
8,7,979.72,VIP,5,5,4,554,0,1870,490.36,High
0,4,1791.56,Loyal,5,4,4,544,0,1871,896.98,High
260,1,251.21,Churn Likely,1,1,2,112,1,1872,73.905,High
126,1,205.1,At Risk,2,1,1,211,0,1873,77.64999999999999,High
73,1,152.20000000000002,Regular,2,1,1,211,0,1874,61.800000000000004,Medium
72,4,891.12,Regular,2,4,3,243,0,1875,432.36,High
20,3,1389.41,Loyal,4,3,4,434,0,1876,691.605,High
59,3,2128.42,Loyal,3,3,5,335,0,1877,1053.3100000000002,High
85,1,627.16,Regular,2,1,3,213,0,1878,296.88,High
77,1,122.75,Regular,2,1,1,211,0,1879,46.275,Medium
58,6,3624.35,Loyal,3,5,5,355,0,1880,1802.375,High
0,3,1071.73,Loyal,5,3,4,534,0,1881,536.765,High
29,1,125.80000000000001,Regular,4,1,1,411,0,1882,57.400000000000006,Medium
32,5,3964.88,Loyal,4,4,5,445,0,1883,1977.54,High
40,5,680.1800000000001,Loyal,3,4,3,343,0,1884,333.59000000000003,High
14,2,628.78,Regular,4,2,3,423,0,1885,312.19,High
33,7,2242.36,Loyal,3,5,5,355,0,1886,1116.68,High
78,2,307.76,Regular,2,2,2,222,0,1887,138.88,High
204,2,483.8,Churn Likely,1,2,2,122,1,1888,201.7,High
33,1,210.31,Regular,3,1,1,311,0,1889,98.855,High
182,3,269.09,Churn Likely,1,3,2,132,1,1890,99.04499999999999,High
1,25,5870.08,VIP,5,5,5,555,0,1891,2942.34,High
0,7,3444.39,VIP,5,5,5,555,0,1892,1724.2949999999998,High
42,7,1280.85,Loyal,3,5,4,354,0,1893,634.125,High
85,3,631.34,Regular,2,3,3,233,0,1894,299.57,High
39,2,276.06,Regular,3,2,2,322,0,1895,130.82999999999998,High
11,3,621.09,Loyal,5,3,3,533,0,1896,309.245,High
95,2,678.16,Regular,2,2,3,223,0,1897,320.68,High
25,7,918.2,VIP,4,5,3,453,0,1898,456.20000000000005,High
318,1,91.80000000000001,Churn Likely,1,1,1,111,1,1899,-17.4,Low
65,12,3740.07,Regular,3,5,5,355,0,1900,1860.635,High
73,4,4098.88,Regular,2,4,5,245,0,1901,2036.04,High
27,2,584.06,Regular,4,2,3,423,0,1902,287.23,High
5,4,594.52,Loyal,5,4,3,543,0,1903,297.46,High
6,1,171.42000000000002,Regular,5,1,1,511,0,1904,84.81,High
215,1,141.85999999999999,Churn Likely,1,1,1,111,1,1905,28.22999999999999,Low
81,3,1799.33,Regular,2,3,4,234,0,1906,884.3649999999999,High
83,2,777.53,Regular,2,2,3,223,0,1907,372.765,High
143,3,1724.67,At Risk,2,3,4,234,0,1908,834.635,High
18,2,240.22,Regular,4,2,1,421,0,1909,117.11,High
40,2,856.84,Regular,3,2,3,323,0,1910,421.02000000000004,High
172,1,187.05,At Risk,2,1,1,211,0,1911,59.425000000000004,Medium
16,2,338.62,Regular,4,2,2,422,0,1912,166.71,High
242,1,239.49,Churn Likely,1,1,1,111,1,1913,71.645,High
12,12,2088.94,VIP,5,5,5,555,0,1914,1045.6699999999998,High
205,1,1384.25,Churn Likely,1,1,4,114,1,1915,651.425,High
49,2,290.25,Regular,3,2,2,322,0,1916,135.92499999999998,High
22,5,732.0699999999999,VIP,4,4,3,443,0,1917,363.135,High
9,18,6717.34,VIP,5,5,5,555,0,1918,3362.27,High
24,4,1687.6000000000001,Loyal,4,4,4,444,0,1919,840.2000000000002,High
14,2,467.04,Regular,4,2,2,422,0,1920,231.32,High
308,1,118.0,Churn Likely,1,1,1,111,1,1921,-2.3000000000000043,Low
155,1,781.03,At Risk,2,1,3,213,0,1922,359.815,High
306,1,142.4,Churn Likely,1,1,1,111,1,1923,10.299999999999997,Low
63,1,712.4,Regular,3,1,3,313,0,1924,343.9,High
15,9,2478.95,VIP,4,5,5,455,0,1925,1239.175,High
14,2,379.65,Regular,4,2,2,422,0,1926,187.62499999999997,High
10,6,1981.92,VIP,5,5,4,554,0,1927,990.76,High
64,3,1117.13,Regular,3,3,4,334,0,1928,546.6650000000001,High
35,4,247.95999999999998,Loyal,3,4,1,341,0,1929,118.17999999999999,High
107,5,2011.88,Regular,2,4,4,244,0,1930,986.0400000000001,High
52,1,396.97,Regular,3,1,2,312,0,1931,188.38500000000002,High
5,2,664.11,Regular,5,2,3,523,0,1932,331.65500000000003,High
46,1,160.04,Regular,3,1,1,311,0,1933,71.11999999999999,High
0,21,5149.92,VIP,5,5,5,555,0,1934,2581.26,High
311,1,219.52,Churn Likely,1,1,1,111,1,1935,47.86,Medium
44,2,693.32,Regular,3,2,3,323,0,1936,338.46000000000004,High
64,1,428.89,Regular,3,1,2,312,0,1937,201.945,High
25,1,164.34,Regular,4,1,1,411,0,1938,77.47,High
28,3,276.75,Loyal,4,3,2,432,0,1939,133.675,High
39,1,675.51,Regular,3,1,3,313,0,1940,330.255,High
11,7,1082.33,VIP,5,5,4,554,0,1941,541.0649999999999,High
88,3,1154.4,Regular,2,3,4,234,0,1942,560.5,High
23,4,1585.46,Loyal,4,4,4,444,0,1943,789.33,High
318,1,417.69,Churn Likely,1,1,2,112,1,1944,145.54500000000002,High
39,3,544.18,Loyal,3,3,3,333,0,1945,265.18999999999994,High
173,1,177.34,At Risk,2,1,1,211,0,1946,54.37,Medium
116,1,213.85,Regular,2,1,1,211,0,1947,84.02499999999999,High
30,5,727.74,VIP,4,4,3,443,0,1948,359.37,High
252,1,257.23,Churn Likely,1,1,2,112,1,1949,78.51500000000001,High
58,5,1638.47,Loyal,3,4,4,344,0,1950,809.135,High
22,11,7792.36,VIP,4,5,5,455,0,1951,3895.08,High
4,7,2031.78,VIP,5,5,4,554,0,1952,1017.19,High
99,11,3070.42,Regular,2,5,5,255,0,1953,1518.71,High
24,5,2118.93,VIP,4,4,5,445,0,1954,1056.165,High
32,5,1547.3600000000001,Loyal,4,4,4,444,0,1955,768.7800000000001,High
67,1,1071.03,Regular,3,1,4,314,0,1956,522.415,High
36,5,949.12,Loyal,3,4,4,344,0,1957,468.86,High
51,3,804.3,Loyal,3,3,3,333,0,1958,392.84999999999997,High
15,1,122.64,Regular,4,1,1,411,0,1959,58.62,Medium
73,1,1033.34,Regular,2,1,4,214,0,1960,502.3699999999999,High
215,1,312.28,Churn Likely,1,1,2,112,1,1961,113.44,High
30,3,519.44,Loyal,4,3,3,433,0,1962,254.62,High
15,4,2624.26,Loyal,4,4,5,445,0,1963,1310.3300000000002,High
119,1,252.1,Regular,2,1,2,212,0,1964,102.55,High
9,4,1648.1200000000001,Loyal,5,4,4,544,0,1965,823.4600000000002,High
256,2,346.6,Churn Likely,1,2,2,122,1,1966,122.7,High
16,6,1836.34,VIP,4,5,4,454,0,1967,916.7699999999999,High
34,2,94.2,Regular,3,2,1,321,0,1968,40.900000000000006,Medium
45,3,1095.08,Loyal,3,3,4,334,0,1969,539.4399999999999,High
42,6,2707.33,Loyal,3,5,5,355,0,1970,1347.0649999999998,High
113,2,932.97,Regular,2,2,3,223,0,1971,444.485,High
164,2,379.65,At Risk,2,2,2,222,0,1972,157.62499999999997,High
10,2,382.14,Regular,5,2,2,522,0,1973,189.67,High
9,5,2639.17,VIP,5,4,5,545,0,1974,1319.285,High
205,2,1563.0,Churn Likely,1,2,4,124,1,1975,741.1,High
85,3,881.26,Regular,2,3,3,233,0,1976,424.53,High
178,1,189.47,At Risk,2,1,1,211,0,1977,59.434999999999995,Medium
59,3,84.65,Loyal,3,3,1,331,0,1978,31.425,Low
148,1,299.05,At Risk,2,1,2,212,0,1979,120.22500000000002,High
2,21,6309.83,VIP,5,5,5,555,0,1980,3160.815,High
50,2,218.55,Regular,3,2,1,321,0,1981,99.875,High
74,1,349.7,Regular,2,1,2,212,0,1982,160.35,High
300,2,186.39000000000001,Churn Likely,1,2,1,121,1,1983,33.795,Low
18,2,387.44,Regular,4,2,2,422,0,1984,190.72,High
150,2,486.82000000000005,At Risk,2,2,2,222,0,1985,214.01000000000002,High
151,1,232.6,At Risk,2,1,1,211,0,1986,86.39999999999999,High
0,4,3719.12,Loyal,5,4,5,545,0,1987,1860.76,High
17,4,827.83,Loyal,4,4,3,443,0,1988,411.71500000000003,High
186,1,59.5,Churn Likely,1,1,1,111,1,1989,-7.150000000000002,Low
285,1,65.13,Churn Likely,1,1,1,111,1,1990,-24.135000000000005,Low
2,7,3119.44,VIP,5,5,5,555,0,1991,1561.4199999999998,High
182,1,72.0,Churn Likely,1,1,1,111,1,1992,-0.10000000000000142,Low
62,1,910.0,Regular,3,1,3,313,0,1993,442.90000000000003,High
58,1,172.25,Regular,3,1,1,311,0,1994,74.82499999999999,High
24,3,1488.32,Loyal,4,3,4,434,0,1995,740.26,High
3,50,65039.62,VIP,5,5,5,555,0,1996,32534.210000000003,High
30,15,2504.13,VIP,4,5,5,455,0,1997,1250.565,High
38,1,151.29999999999998,Regular,3,1,1,311,0,1998,68.35,Medium
154,1,308.58000000000004,At Risk,2,1,2,212,0,1999,123.79000000000003,High
25,10,2248.63,VIP,4,5,5,455,0,2000,1122.315,High
317,1,99.5,Churn Likely,1,1,1,111,1,2001,-13.350000000000009,Low
4,9,2308.06,VIP,5,5,5,555,0,2002,1155.93,High
7,3,711.86,Loyal,5,3,3,533,0,2003,355.43,High
302,1,330.79,Churn Likely,1,1,2,112,1,2004,105.29500000000002,High
266,2,806.41,Churn Likely,1,2,3,123,1,2005,350.605,High
270,1,285.33,Churn Likely,1,1,2,112,1,2006,88.965,High
3,13,6307.650000000001,VIP,5,5,5,555,0,2007,3157.1250000000005,High
31,1,180.48,Regular,4,1,1,411,0,2008,84.33999999999999,High
218,2,252.06,Churn Likely,1,2,2,122,1,2009,83.03,High
246,1,228.84,Churn Likely,1,1,1,111,1,2010,65.52,Medium
280,5,1077.39,Churn Likely,1,4,4,144,1,2011,484.19500000000005,High
268,1,138.28,Churn Likely,1,1,1,111,1,2012,15.839999999999996,Low
31,6,1445.01,Loyal,4,5,4,454,0,2013,718.1049999999999,High
245,2,306.55,Churn Likely,1,2,2,122,1,2014,104.875,High
14,5,1041.68,VIP,4,4,4,444,0,2015,519.5400000000001,High
116,4,799.9,Regular,2,4,3,243,0,2016,377.95,High
35,1,524.14,Regular,3,1,3,313,0,2017,255.37,High
131,3,2375.41,At Risk,2,3,5,235,0,2018,1162.405,High
216,1,199.85000000000002,Churn Likely,1,1,1,111,1,2019,57.025000000000006,Medium
49,8,1980.56,Loyal,3,5,4,354,0,2020,982.88,High
38,2,1079.6599999999999,Regular,3,2,4,324,0,2021,532.8299999999999,High
28,2,333.48,Regular,4,2,2,422,0,2022,161.74,High
36,6,1016.14,Loyal,3,5,4,354,0,2023,502.67,High
135,2,752.6,At Risk,2,2,3,223,0,2024,349.90000000000003,High
218,2,610.59,Churn Likely,1,2,3,123,1,2025,262.295,High
27,1,491.86,Regular,4,1,3,413,0,2026,240.83,High
24,4,2883.54,Loyal,4,4,5,445,0,2027,1438.17,High
4,2,729.8,Regular,5,2,3,523,0,2028,364.7,High
199,1,339.59999999999997,Churn Likely,1,1,2,112,1,2029,130.29999999999998,High
17,1,216.9,Regular,4,1,1,411,0,2030,105.35,High
240,1,350.75,Churn Likely,1,1,2,112,1,2031,127.67500000000001,High
71,3,668.4300000000001,Regular,3,3,3,333,0,2032,320.915,High
16,12,3107.87,VIP,4,5,5,455,0,2033,1554.3349999999998,High
2,7,1341.6,VIP,5,5,4,554,0,2034,672.5,High
94,2,1080.52,Regular,2,2,4,224,0,2035,522.0600000000001,High
161,1,300.04,At Risk,2,1,2,212,0,2036,118.12000000000002,High
373,1,79.6,Lost,1,1,1,111,1,2037,-34.500000000000014,Low
95,5,948.25,Regular,2,4,4,244,0,2038,456.625,High
53,5,1647.26,Loyal,3,4,4,344,0,2039,814.53,High
287,1,296.25,Churn Likely,1,1,2,112,1,2040,91.025,High
123,6,1175.38,At Risk,2,5,4,254,0,2041,564.89,High
287,1,741.26,Churn Likely,1,1,3,113,1,2042,313.53,High
151,2,282.59999999999997,At Risk,2,2,2,222,0,2043,111.69999999999997,High
3,9,2108.06,VIP,5,5,5,555,0,2044,1056.13,High
1,14,5189.52,VIP,5,5,5,555,0,2045,2598.76,High
11,7,3190.55,VIP,5,5,5,555,0,2046,1595.175,High
32,2,659.4100000000001,Regular,4,2,3,423,0,2047,323.9050000000001,High
53,2,286.79,Regular,3,2,2,322,0,2048,133.395,High
49,2,1070.65,Regular,3,2,4,324,0,2049,526.1250000000001,High
218,1,306.72,Churn Likely,1,1,2,112,1,2050,110.06000000000003,High
62,1,1714.96,Regular,3,1,4,314,0,2051,845.38,High
70,3,1519.42,Regular,3,3,4,334,0,2052,746.61,High
1,37,17220.36,VIP,5,5,5,555,0,2053,8621.08,High
1,10,2796.51,VIP,5,5,5,555,0,2054,1401.055,High
63,4,2634.45,Regular,3,4,5,345,0,2055,1305.825,High
33,3,1122.63,Loyal,3,3,4,334,0,2056,555.615,High
81,1,345.0,Regular,2,1,2,212,0,2057,156.60000000000002,High
0,33,25977.16,VIP,5,5,5,555,0,2058,12998.48,High
102,1,178.7,Regular,2,1,1,211,0,2059,69.24999999999999,Medium
6,2,360.01,Regular,5,2,2,522,0,2060,179.405,High
250,1,127.84,Churn Likely,1,1,1,111,1,2061,14.219999999999999,Low
12,6,908.86,VIP,5,5,3,553,0,2062,453.83000000000004,High
9,11,2462.79,VIP,5,5,5,555,0,2063,1232.895,High
366,1,230.39999999999998,Lost,1,1,1,111,1,2064,42.29999999999998,Medium
75,2,309.04,Regular,2,2,2,222,0,2065,140.12,High
3,1,348.8,Regular,5,1,2,512,0,2066,174.10000000000002,High
127,2,1516.0,At Risk,2,2,4,224,0,2067,733.2,High
65,2,195.55,Regular,3,2,1,321,0,2068,85.375,High
0,57,37153.85,VIP,5,5,5,555,0,2069,18594.024999999998,High
116,2,688.86,Regular,2,2,3,223,0,2070,321.83000000000004,High
309,1,558.32,Churn Likely,1,1,3,113,1,2071,217.66000000000003,High
66,1,324.8,Regular,3,1,2,312,0,2072,149.50000000000003,High
138,3,4599.42,At Risk,2,3,5,235,0,2073,2273.01,High
254,1,277.07,Churn Likely,1,1,2,112,1,2074,88.035,High
30,7,2588.39,VIP,4,5,5,455,0,2075,1290.2949999999998,High
51,2,924.6,Regular,3,2,3,323,0,2076,452.70000000000005,High
63,1,256.38,Regular,3,1,2,312,0,2077,115.89000000000001,High
366,1,112.6,Lost,1,1,1,111,1,2078,-16.60000000000001,Low
5,5,1747.66,VIP,5,4,4,544,0,2079,874.33,High
304,1,155.05,Churn Likely,1,1,1,111,1,2080,17.025,Low
28,3,1499.01,Loyal,4,3,4,434,0,2081,744.805,High
183,3,814.5,Churn Likely,1,3,3,133,1,2082,371.54999999999995,High
41,3,539.0,Loyal,3,3,3,333,0,2083,262.2,High
39,4,1366.8600000000001,Loyal,3,4,4,344,0,2084,676.8300000000002,High
91,2,1579.12,Regular,2,2,4,224,0,2085,771.9599999999999,High
21,4,4027.36,Loyal,4,4,5,445,0,2086,2010.68,High
23,2,571.6700000000001,Regular,4,2,3,423,0,2087,281.83500000000004,High
28,2,382.98,Regular,4,2,2,422,0,2088,186.49,High
301,3,1140.35,Churn Likely,1,3,4,134,1,2089,510.87499999999994,High
144,2,385.64,At Risk,2,2,2,222,0,2090,164.61999999999998,High
5,2,632.0,Regular,5,2,3,523,0,2091,315.6,High
18,2,957.66,Regular,4,2,4,424,0,2092,475.83,High
32,5,1698.94,Loyal,4,4,4,444,0,2093,844.57,High
175,1,189.5,At Risk,2,1,1,211,0,2094,60.05,Medium
57,3,409.8,Loyal,3,3,2,332,0,2095,194.4,High
21,1,209.49,Regular,4,1,1,411,0,2096,100.845,High
15,6,2198.45,VIP,4,5,5,455,0,2097,1098.0249999999999,High
18,1,52.199999999999996,Regular,4,1,1,411,0,2098,22.799999999999997,Low
158,1,383.85,At Risk,2,1,2,212,0,2099,160.62500000000003,High
24,4,834.57,Loyal,4,4,3,443,0,2100,413.685,High
211,2,266.59000000000003,Churn Likely,1,2,2,122,1,2101,91.69500000000001,High
5,4,674.82,Loyal,5,4,3,543,0,2102,337.61,High
252,1,85.0,Churn Likely,1,1,1,111,1,2103,-7.6000000000000085,Low
58,9,3385.62,Loyal,3,5,5,355,0,2104,1683.91,High
10,1,361.62,Regular,5,1,2,512,0,2105,179.11,High
64,1,312.98,Regular,3,1,2,312,0,2106,143.99,High
24,3,865.0600000000001,Loyal,4,3,3,433,0,2107,428.63,High
91,3,1255.0,Regular,2,3,4,234,0,2108,610.1999999999999,High
51,2,1537.95,Regular,3,2,4,324,0,2109,759.375,High
128,1,1595.48,At Risk,2,1,4,214,0,2110,772.4399999999999,High
95,3,2651.46,Regular,2,3,5,235,0,2111,1307.63,High
56,1,1090.14,Regular,3,1,4,314,0,2112,534.17,High
8,25,8109.5199999999995,VIP,5,5,5,555,0,2113,4060.66,High
168,3,388.5,At Risk,2,3,2,232,0,2114,161.55,High
56,1,216.17,Regular,3,1,1,311,0,2115,97.18499999999999,High
325,1,201.16,Churn Likely,1,1,1,111,1,2116,35.879999999999995,Low
0,5,1245.9,VIP,5,4,4,544,0,2117,624.45,High
17,8,2209.36,VIP,4,5,5,455,0,2118,1103.68,High
247,1,305.78,Churn Likely,1,1,2,112,1,2119,103.78999999999999,High
57,4,501.56,Loyal,3,4,3,343,0,2120,240.57999999999998,High
73,1,145.67000000000002,Regular,2,1,1,211,0,2121,58.535000000000004,Medium
30,3,1005.09,Loyal,4,3,4,434,0,2122,497.445,High
6,2,3192.54,Regular,5,2,5,525,0,2123,1595.6699999999998,High
122,4,3083.65,At Risk,2,4,5,245,0,2124,1518.625,High
1,8,2770.94,VIP,5,5,5,555,0,2125,1387.67,High
22,13,6403.25,VIP,4,5,5,455,0,2126,3201.125,High
119,3,389.6,Regular,2,3,2,232,0,2127,171.9,High
357,1,540.45,Churn Likely,1,1,3,113,1,2128,199.12500000000003,High
53,5,1786.79,Loyal,3,4,4,344,0,2129,884.295,High
63,1,122.7,Regular,3,1,1,311,0,2130,49.05,Medium
85,1,117.24,Regular,2,1,1,211,0,2131,41.919999999999995,Medium
54,1,1271.57,Regular,3,1,4,314,0,2132,625.285,High
20,13,3219.77,VIP,4,5,5,455,0,2133,1609.785,High
3,20,17159.52,VIP,5,5,5,555,0,2134,8585.16,High
2,5,1191.13,VIP,5,4,4,544,0,2135,596.6650000000001,High
10,5,2674.48,VIP,5,4,5,545,0,2136,1336.74,High
6,5,787.6,VIP,5,4,3,543,0,2137,394.1,High
188,2,506.8,Churn Likely,1,2,3,123,1,2138,216.4,High
70,1,243.56,Regular,3,1,1,311,0,2139,108.08,High
203,1,349.55,Churn Likely,1,1,2,112,1,2140,134.47500000000002,High
119,2,595.67,Regular,2,2,3,223,0,2141,274.635,High
92,1,416.90000000000003,Regular,2,1,2,212,0,2142,190.35000000000002,High
0,10,1883.8100000000002,VIP,5,5,4,554,0,2143,944.9050000000001,High
26,4,632.97,Loyal,4,4,3,443,0,2144,312.485,High
297,1,821.1,Churn Likely,1,1,3,113,1,2145,351.45000000000005,High
23,3,564.62,Loyal,4,3,3,433,0,2146,278.60999999999996,High
27,4,2593.07,Loyal,4,4,5,445,0,2147,1292.335,High
49,1,311.16,Regular,3,1,2,312,0,2148,146.08,High
325,1,155.93,Churn Likely,1,1,1,111,1,2149,13.265,Low
15,2,388.52,Regular,4,2,2,422,0,2150,191.85999999999999,High
182,3,740.95,Churn Likely,1,3,3,133,1,2151,334.975,High
71,5,2867.2,Regular,3,4,5,345,0,2152,1420.8999999999999,High
36,2,332.64,Regular,3,2,2,322,0,2153,159.72,High
79,4,2369.55,Regular,2,4,5,245,0,2154,1170.1750000000002,High
56,9,2580.91,Loyal,3,5,5,355,0,2155,1281.955,High
11,2,626.45,Regular,5,2,3,523,0,2156,311.62500000000006,High
49,2,272.04,Regular,3,2,2,322,0,2157,126.82000000000001,High
49,2,1212.8400000000001,Regular,3,2,4,324,0,2158,597.2200000000001,High
58,2,384.81,Regular,3,2,2,322,0,2159,181.405,High
351,1,172.25,Churn Likely,1,1,1,111,1,2160,16.224999999999994,Low
53,1,351.13,Regular,3,1,2,312,0,2161,165.26500000000001,High
1,6,1838.8500000000001,VIP,5,5,4,554,0,2162,921.025,High
92,4,678.25,Regular,2,4,3,243,0,2163,321.925,High
22,1,223.85000000000002,Regular,4,1,1,411,0,2164,107.825,High
74,1,348.99,Regular,2,1,2,212,0,2165,159.995,High
10,4,464.57,Loyal,5,4,2,542,0,2166,231.48499999999999,High
168,2,842.65,At Risk,2,2,3,223,0,2167,388.325,High
57,2,337.34,Regular,3,2,2,322,0,2168,157.86999999999998,High
95,2,1237.53,Regular,2,2,4,224,0,2169,600.365,High
294,1,307.4,Churn Likely,1,1,2,112,1,2170,95.19999999999999,High
108,2,608.7900000000001,Regular,2,2,3,223,0,2171,283.39500000000004,High
263,1,922.1,Churn Likely,1,1,3,113,1,2172,408.75,High
179,1,376.58,At Risk,1,1,2,112,0,2173,152.79,High
168,1,158.85,At Risk,2,1,1,211,0,2174,46.12499999999999,Medium
34,1,71.66,Regular,3,1,1,311,0,2175,29.329999999999995,Low
22,3,568.55,Loyal,4,3,3,433,0,2176,280.775,High
16,4,839.14,Loyal,4,4,3,443,0,2177,417.57,High
21,5,5112.96,VIP,4,4,5,445,0,2178,2553.78,High
78,3,561.5699999999999,Regular,2,3,3,233,0,2179,266.0849999999999,High
64,1,90.6,Regular,3,1,1,311,0,2180,32.8,Low
360,1,102.0,Churn Likely,1,1,1,111,1,2181,-20.700000000000003,Low
2,6,2427.32,VIP,5,5,5,555,0,2182,1215.06,High
10,4,745.06,Loyal,5,4,3,543,0,2183,371.72999999999996,High
175,3,674.45,At Risk,2,3,3,233,0,2184,303.125,High
217,2,3251.071,Churn Likely,1,2,5,125,1,2185,1582.7354999999998,High
6,7,3515.68,VIP,5,5,5,555,0,2186,1758.7399999999998,High
1,2,439.92,Regular,5,3,2,532,0,2187,220.36,High
153,2,322.96,At Risk,2,3,2,232,0,2188,131.48,High
4,5,1019.27,VIP,5,4,4,544,0,2189,510.335,High
78,3,594.04,Regular,2,3,3,233,0,2190,282.31999999999994,High
20,2,230.22,Regular,4,3,1,431,0,2191,111.71,High
21,2,169.55,Regular,4,3,1,431,0,2192,81.175,High
307,4,664.54,Churn Likely,1,4,3,143,1,2193,272.06999999999994,High
145,1,80.7,At Risk,2,1,1,211,0,2194,11.649999999999999,Low
6,18,9024.17,VIP,5,5,5,555,0,2195,4516.285,High
18,8,2758.26,VIP,4,5,5,455,0,2196,1377.9300000000003,High
70,2,190.25,Regular,3,3,1,331,0,2197,81.725,High
286,1,264.7,Churn Likely,1,1,2,112,1,2198,75.45,High
48,1,413.59000000000003,Regular,3,1,2,312,0,2199,197.49500000000003,High
30,6,2461.2400000000002,VIP,4,5,5,455,0,2200,1226.42,High
206,1,357.98,Churn Likely,1,1,2,112,1,2201,138.09000000000003,High
14,2,196.79000000000002,Regular,4,3,1,431,0,2202,96.19500000000001,High
72,1,869.87,Regular,2,1,3,213,0,2203,420.83500000000004,High
59,1,200.14,Regular,3,1,1,311,0,2204,88.57,High
38,4,1871.81,Loyal,3,4,4,344,0,2205,929.505,High
29,12,2603.43,VIP,4,5,5,455,0,2206,1299.5149999999999,High
26,5,920.51,VIP,4,4,3,443,0,2207,456.555,High
3,15,7060.13,VIP,5,5,5,555,0,2208,3533.965,High
16,1,320.46,Regular,4,1,2,412,0,2209,157.33,High
19,6,4147.96,VIP,4,5,5,455,0,2210,2071.98,High
65,2,1266.08,Regular,3,3,4,334,0,2211,620.64,High
212,1,311.3,Churn Likely,1,1,2,112,1,2212,113.55000000000001,High
11,6,852.88,VIP,5,5,3,553,0,2213,426.04,High
29,1,76.8,Regular,4,1,1,411,0,2214,32.89999999999999,Low
42,9,3466.36,Loyal,3,5,5,355,0,2215,1727.48,High
3,6,2274.14,VIP,5,5,5,555,0,2216,1138.27,High
14,5,1393.69,VIP,4,4,4,444,0,2217,695.5450000000001,High
9,12,3901.81,VIP,5,5,5,555,0,2218,1952.705,High
210,1,635.66,Churn Likely,1,1,3,113,1,2219,276.13,High
45,3,2043.0800000000002,Loyal,3,3,4,334,0,2220,1013.44,High
133,2,529.73,At Risk,2,3,3,233,0,2221,238.86500000000004,High
42,7,4582.64,Loyal,3,5,5,355,0,2222,2285.02,High
9,5,2874.72,VIP,5,4,5,545,0,2223,1437.06,High
115,3,962.19,Regular,2,3,4,234,0,2224,458.995,High
197,2,695.61,Churn Likely,1,3,3,133,1,2225,309.005,High
277,1,328.8,Churn Likely,1,1,2,112,1,2226,109.30000000000001,High
109,3,473.02,Regular,2,3,2,232,0,2227,215.60999999999999,High
76,1,505.18,Regular,2,1,3,213,0,2228,237.69000000000003,High
52,1,917.34,Regular,3,1,3,313,0,2229,448.57000000000005,High
161,4,4341.21,At Risk,2,4,5,245,0,2230,2139.605,High
46,3,1421.61,Loyal,3,3,4,334,0,2231,702.5049999999999,High
16,2,642.8,Regular,4,3,3,433,0,2232,318.8,High
154,3,631.9,At Risk,2,3,3,233,0,2233,286.04999999999995,High
224,1,440.0,Churn Likely,1,1,2,112,1,2234,175.5,High
6,2,584.07,Regular,5,3,3,533,0,2235,291.43500000000006,High
121,2,327.7,At Risk,2,3,2,232,0,2236,140.25,High
60,1,104.82,Regular,3,1,1,311,0,2237,40.709999999999994,Medium
62,2,467.66,Regular,3,3,2,332,0,2238,222.03,High
17,8,2358.84,VIP,4,5,5,455,0,2239,1178.42,High
6,19,17286.86,VIP,5,5,5,555,0,2240,8647.93,High
1,11,2975.59,VIP,5,5,5,555,0,2241,1490.895,High
21,3,648.89,Loyal,4,3,3,433,0,2242,321.145,High
28,5,1428.02,VIP,4,4,4,444,0,2243,709.91,High
284,1,626.65,Churn Likely,1,1,3,113,1,2244,256.825,High
175,2,147.20000000000002,At Risk,2,3,1,231,0,2245,39.2,Low
77,3,1560.38,Regular,2,3,4,234,0,2246,765.69,High
32,1,152.2,Regular,4,1,1,411,0,2247,69.99999999999999,Medium
40,12,3560.32,Loyal,3,5,5,355,0,2248,1775.76,High
265,1,141.41,Churn Likely,1,1,1,111,1,2249,18.004999999999995,Low
26,4,646.42,Loyal,4,4,3,443,0,2250,319.21,High
108,4,1659.75,Regular,2,4,4,244,0,2251,809.475,High
283,1,154.99,Churn Likely,1,1,1,111,1,2252,21.195,Low
8,5,1308.6100000000001,VIP,5,4,4,544,0,2253,654.205,High
304,1,409.93,Churn Likely,1,1,2,112,1,2254,144.465,High
16,4,5578.72,Loyal,4,4,5,445,0,2255,2787.36,High
31,2,746.36,Regular,4,3,3,433,0,2256,367.58000000000004,High
0,23,15610.390000000001,VIP,5,5,5,555,0,2257,7812.095,High
19,1,225.36,Regular,4,1,1,411,0,2258,109.18,High
123,2,260.25,At Risk,2,3,2,232,0,2259,106.125,High
64,1,92.46,Regular,3,1,1,311,0,2260,33.72999999999999,Low
105,1,725.6400000000001,Regular,2,1,3,213,0,2261,342.12000000000006,High
0,23,8152.71,VIP,5,5,5,555,0,2262,4083.255,High
23,17,6211.66,VIP,4,5,5,455,0,2263,3106.33,High
266,1,183.6,Churn Likely,1,1,1,111,1,2264,38.89999999999999,Low
4,19,6140.42,VIP,5,5,5,555,0,2265,3075.1099999999997,High
9,12,10464.85,VIP,5,5,5,555,0,2266,5234.225,High
28,5,1334.34,VIP,4,4,4,444,0,2267,663.0699999999999,High
266,1,152.55,Churn Likely,1,1,1,111,1,2268,23.375,Low
63,2,374.7,Regular,3,3,2,332,0,2269,175.35,High
319,1,265.85,Churn Likely,1,1,2,112,1,2270,69.42500000000001,Medium
3,8,1437.57,VIP,5,5,4,554,0,2271,720.5849999999999,High
31,1,151.04,Regular,4,1,1,411,0,2272,69.61999999999999,Medium
4,3,942.26,Loyal,5,3,4,534,0,2273,471.22999999999996,High
128,1,118.67,At Risk,2,1,1,211,0,2274,34.035,Low
40,5,499.41999999999996,Loyal,3,4,3,343,0,2275,243.20999999999998,High
101,6,1049.37,Regular,2,5,4,254,0,2276,506.2849999999999,High
124,1,375.1,At Risk,2,1,2,212,0,2277,163.05,High
32,1,45.599999999999994,Regular,4,1,1,411,0,2278,16.699999999999996,Low
301,2,921.62,Churn Likely,1,3,3,133,1,2279,401.21000000000004,High
364,1,182.25,Churn Likely,1,1,1,111,1,2280,18.625,Low
3,9,1002.9,VIP,5,5,4,554,0,2281,503.54999999999995,High
1,18,4421.29,VIP,5,5,5,555,0,2282,2215.8450000000003,High
2,1,191.47,Regular,5,1,1,511,0,2283,95.63499999999999,High
9,13,50491.81,VIP,5,5,5,555,0,2284,25248.005,High
56,1,158.75,Regular,3,1,1,311,0,2285,68.475,Medium
324,1,76.32000000000001,Churn Likely,1,1,1,111,1,2286,-26.339999999999996,Low
7,14,4076.91,VIP,5,5,5,555,0,2287,2041.2549999999999,High
11,1,433.86,Regular,5,1,2,512,0,2288,215.03000000000003,High
3,17,65164.79,VIP,5,5,5,555,0,2289,32586.895,High
36,1,147.35,Regular,3,1,1,311,0,2290,66.77499999999999,Medium
15,11,3104.17,VIP,4,5,5,455,0,2291,1552.385,High
137,1,191.95000000000002,At Risk,2,1,1,211,0,2292,68.875,Medium
73,6,5976.79,Regular,2,5,5,255,0,2293,2975.5950000000003,High
4,5,1105.8799999999999,VIP,5,4,4,544,0,2294,553.64,High
154,2,216.20999999999998,At Risk,2,3,1,231,0,2295,77.90499999999999,High
238,1,1266.23,Churn Likely,1,1,4,114,1,2296,585.8149999999999,High
51,7,2703.23,Loyal,3,5,5,355,0,2297,1343.5149999999999,High
30,2,597.91,Regular,4,3,3,433,0,2298,293.555,High
72,1,144.2,Regular,2,1,1,211,0,2299,57.99999999999999,Medium
3,12,5683.15,VIP,5,5,5,555,0,2300,2844.575,High
13,4,692.85,Loyal,4,4,3,443,0,2301,345.025,High
22,7,2915.15,VIP,4,5,5,455,0,2302,1455.2749999999999,High
3,4,1840.42,Loyal,5,4,4,544,0,2303,920.8100000000001,High
273,2,386.53,Churn Likely,1,3,2,132,1,2304,139.265,High
19,5,1382.74,VIP,4,4,4,444,0,2305,689.07,High
143,1,90.0,At Risk,2,1,1,211,0,2306,16.699999999999996,Low
3,4,2780.15,Loyal,5,4,5,545,0,2307,1390.6750000000002,High
83,1,419.58000000000004,Regular,2,1,2,212,0,2308,193.49000000000004,High
10,3,2720.63,Loyal,5,3,5,535,0,2309,1359.2150000000001,High
7,3,706.1300000000001,Loyal,5,3,3,533,0,2310,352.56500000000005,High
122,3,709.71,At Risk,2,3,3,233,0,2311,331.355,High
60,2,637.5,Regular,3,3,3,333,0,2312,307.35,High
1,5,1123.8600000000001,VIP,5,4,4,544,0,2313,563.23,High
318,1,480.91,Churn Likely,1,1,2,112,1,2314,177.15500000000003,High
1,11,3586.0299999999997,VIP,5,5,5,555,0,2315,1796.1149999999998,High
129,3,605.64,At Risk,2,3,3,233,0,2316,277.91999999999996,High
1,15,4690.31,VIP,5,5,5,555,0,2317,2349.4550000000004,High
1,2,965.8800000000001,Regular,5,3,4,534,0,2318,483.3400000000001,High
45,1,415.82,Regular,3,1,2,312,0,2319,199.21,High
3,2,935.05,Regular,5,3,4,534,0,2320,467.525,High
2,4,915.13,Loyal,5,4,3,543,0,2321,458.365,High
372,1,311.81,Lost,1,1,2,112,1,2322,81.805,High
133,1,115.8,At Risk,2,1,1,211,0,2323,31.599999999999994,Low
46,4,3742.2,Loyal,3,4,5,345,0,2324,1863.1,High
8,5,4191.0,VIP,5,4,5,545,0,2325,2095.4,High
77,2,483.4,Regular,2,3,2,232,0,2326,226.89999999999998,High
233,1,157.2,Churn Likely,1,1,1,111,1,2327,32.29999999999999,Low
220,1,446.62,Churn Likely,1,1,2,112,1,2328,179.61,High
35,2,658.64,Regular,3,3,3,333,0,2329,322.92,High
74,2,621.29,Regular,2,3,3,233,0,2330,296.445,High
238,2,1345.62,Churn Likely,1,3,4,134,1,2331,625.81,High
265,1,118.75,Churn Likely,1,1,1,111,1,2332,6.674999999999997,Low
9,55,117210.08,VIP,5,5,5,555,0,2333,58619.74,High
19,2,424.89000000000004,Regular,4,3,2,432,0,2334,209.245,High
39,1,507.66,Regular,3,1,3,313,0,2335,246.33,High
19,11,4630.35,VIP,4,5,5,455,0,2336,2314.675,High
215,3,1097.6200000000001,Churn Likely,1,3,4,134,1,2337,506.71000000000004,High
173,2,289.36,At Risk,2,3,2,232,0,2338,110.68,High
86,4,2445.91,Regular,2,4,5,245,0,2339,1206.955,High
70,2,1631.77,Regular,3,3,4,334,0,2340,802.485,High
275,1,120.44,Churn Likely,1,1,1,111,1,2341,5.519999999999996,Low
38,4,562.59,Loyal,3,4,3,343,0,2342,274.895,High
97,1,363.79,Regular,2,1,2,212,0,2343,162.79500000000002,High
10,4,450.84,Loyal,5,4,2,542,0,2344,224.61999999999998,High
32,1,134.46,Regular,4,1,1,411,0,2345,61.13,Medium
59,3,3222.3,Loyal,3,3,5,335,0,2346,1600.2500000000002,High
296,4,576.9000000000001,Churn Likely,1,4,3,143,1,2347,230.45000000000005,High
85,4,549.46,Regular,2,4,3,243,0,2348,258.93,High
8,7,1600.26,VIP,5,5,4,554,0,2349,800.63,High
40,2,701.57,Regular,3,3,3,333,0,2350,343.38500000000005,High
10,25,4748.52,VIP,5,5,5,555,0,2351,2379.76,High
66,1,452.89,Regular,3,1,2,312,0,2352,213.54500000000002,High
330,1,197.65,Churn Likely,1,1,1,111,1,2353,33.125,Low
30,6,2054.36,VIP,4,5,4,454,0,2354,1022.98,High
1,15,4654.08,VIP,5,5,5,555,0,2355,2331.34,High
1,13,4684.76,VIP,5,5,5,555,0,2356,2346.0800000000004,High
67,2,853.39,Regular,3,3,3,333,0,2357,413.89500000000004,High
4,21,11349.52,VIP,5,5,5,555,0,2358,5680.26,High
201,2,1012.0,Churn Likely,1,3,4,134,1,2359,466.40000000000003,High
106,1,335.52,Regular,2,1,2,212,0,2360,146.86,High
17,4,701.4,Loyal,4,4,3,443,0,2361,348.5,High
217,1,185.39999999999998,Churn Likely,1,1,1,111,1,2362,49.59999999999998,Medium
59,7,747.44,Loyal,3,5,3,353,0,2363,364.02000000000004,High
1,1,150.61,Regular,5,1,1,511,0,2364,75.405,High
16,2,466.7,Regular,4,3,2,432,0,2365,230.75,High
238,1,328.15999999999997,Churn Likely,1,1,2,112,1,2366,116.78,High
94,1,151.74,Regular,2,1,1,211,0,2367,57.370000000000005,Medium
10,6,2073.43,VIP,5,5,5,555,0,2368,1036.5149999999999,High
105,6,1905.8400000000001,Regular,2,5,4,254,0,2369,933.72,High
52,9,2241.1,Loyal,3,5,5,355,0,2370,1112.85,High
89,1,1070.48,Regular,2,1,4,214,0,2371,517.74,High
30,5,1004.38,VIP,4,4,4,444,0,2372,497.69,High
11,6,1789.72,VIP,5,5,4,554,0,2373,894.4599999999999,High
2,4,1839.3,Loyal,5,4,4,544,0,2374,920.45,High
1,17,2004.98,VIP,5,5,4,554,0,2375,1007.39,High
42,1,169.48000000000002,Regular,3,1,1,311,0,2376,76.64,High
3,1,89.94,Regular,5,1,1,511,0,2377,44.669999999999995,Medium
246,2,632.4,Churn Likely,1,3,3,133,1,2378,267.6,High
41,9,3432.8,Loyal,3,5,5,355,0,2379,1710.9,High
176,1,683.17,At Risk,2,1,3,213,0,2380,306.685,High
91,3,991.13,Regular,2,3,4,234,0,2381,478.265,High
109,4,1009.73,Regular,2,4,4,244,0,2382,484.265,High
28,5,2214.79,VIP,4,4,5,445,0,2383,1103.295,High
25,10,3350.96,VIP,4,5,5,455,0,2384,1673.48,High
51,3,1547.2,Loyal,3,3,4,334,0,2385,764.3,High
183,3,925.71,Churn Likely,1,3,3,133,1,2386,427.155,High
42,5,2048.07,Loyal,3,4,4,344,0,2387,1017.1350000000001,High
48,4,1462.72,Loyal,3,4,4,344,0,2388,722.96,High
21,4,754.12,Loyal,4,4,3,443,0,2389,374.06,High
74,5,3144.86,Regular,2,4,5,245,0,2390,1559.13,High
80,2,490.86,Regular,2,3,3,233,0,2391,230.03,High
372,1,161.0,Lost,1,1,1,111,1,2392,6.3999999999999915,Low
325,1,146.85,Churn Likely,1,1,1,111,1,2393,8.724999999999994,Low
42,11,2380.85,Loyal,3,5,5,355,0,2394,1185.3249999999998,High
29,2,890.34,Regular,4,3,3,433,0,2395,439.97,High
183,1,213.70000000000002,Churn Likely,1,1,1,111,1,2396,70.55000000000001,High
234,2,280.55,Churn Likely,1,3,2,132,1,2397,94.07499999999999,High
8,10,2588.77,VIP,5,5,5,555,0,2398,1295.785,High
219,2,1693.45,Churn Likely,1,3,4,134,1,2399,803.5250000000001,High
110,3,1474.06,Regular,2,3,4,234,0,2400,715.93,High
277,1,136.76999999999998,Churn Likely,1,1,1,111,1,2401,13.284999999999982,Low
317,1,302.58,Churn Likely,1,1,2,112,1,2402,88.19,High
6,3,1904.05,Loyal,5,3,4,534,0,2403,951.7249999999999,High
1,5,2879.7000000000003,VIP,5,4,5,545,0,2404,1441.15,High
259,2,969.0600000000001,Churn Likely,1,3,4,134,1,2405,433.33000000000004,High
63,5,3099.7200000000003,Regular,3,4,5,345,0,2406,1538.7600000000002,High
8,9,12669.98,VIP,5,5,5,555,0,2407,6336.089999999999,High
141,1,120.0,At Risk,2,1,1,211,0,2408,32.099999999999994,Low
50,2,1163.45,Regular,3,3,4,334,0,2409,572.325,High
7,8,2618.23,VIP,5,5,5,555,0,2410,1310.115,High
154,2,333.97,At Risk,2,3,2,232,0,2411,136.785,High
108,2,530.18,Regular,2,3,3,233,0,2412,244.09,High
162,3,1516.24,At Risk,2,3,4,234,0,2413,726.62,High
331,1,492.65000000000003,Churn Likely,1,1,3,113,1,2414,180.425,High
225,1,112.32,Churn Likely,1,1,1,111,1,2415,11.459999999999994,Low
73,2,437.96,Regular,2,3,2,232,0,2416,204.98,High
50,4,559.97,Loyal,3,4,3,343,0,2417,271.185,High
98,3,1119.74,Regular,2,3,4,234,0,2418,541.17,High
14,3,4188.0,Loyal,4,3,5,435,0,2419,2092.1,High
196,1,134.04,Churn Likely,1,1,1,111,1,2420,28.11999999999999,Low
2,15,3701.44,VIP,5,5,5,555,0,2421,1854.82,High
30,2,595.25,Regular,4,3,3,433,0,2422,292.225,High
20,4,1910.01,Loyal,4,4,4,444,0,2423,952.205,High
23,3,4628.75,Loyal,4,3,5,435,0,2424,2310.675,High
7,3,176.63,Loyal,5,3,1,531,0,2425,87.815,High
212,1,426.6,Churn Likely,1,1,2,112,1,2426,171.20000000000002,High
8,6,911.26,VIP,5,5,3,553,0,2427,455.83,High
10,5,2314.65,VIP,5,4,5,545,0,2428,1156.825,High
1,11,3883.25,VIP,5,5,5,555,0,2429,1944.725,High
7,9,4871.93,VIP,5,5,5,555,0,2430,2437.265,High
2,4,1046.56,Loyal,5,4,4,544,0,2431,524.08,High
39,1,166.20000000000002,Regular,3,1,1,311,0,2432,75.60000000000001,High
17,4,1305.33,Loyal,4,4,4,444,0,2433,650.465,High
7,44,51527.3,VIP,5,5,5,555,0,2434,25775.45,High
7,9,3965.62,VIP,5,5,5,555,0,2435,1984.11,High
18,1,43.2,Regular,4,1,1,411,0,2436,18.3,Low
116,1,640.14,Regular,2,1,3,213,0,2437,297.17,High
222,1,383.45,Churn Likely,1,1,2,112,1,2438,147.625,High
70,3,1858.96,Regular,3,3,4,334,0,2439,916.38,High
50,2,2093.32,Regular,3,3,5,335,0,2440,1037.26,High
88,6,2995.72,Regular,2,5,5,255,0,2441,1482.06,High
7,9,2352.53,VIP,5,5,5,555,0,2442,1177.565,High
242,1,310.26,Churn Likely,1,1,2,112,1,2443,107.03,High
46,6,1611.59,Loyal,3,5,4,354,0,2444,798.3949999999999,High
106,1,120.0,Regular,2,1,1,211,0,2445,39.099999999999994,Low
44,6,2481.13,Loyal,3,5,5,355,0,2446,1233.565,High
64,1,508.58000000000004,Regular,3,1,3,313,0,2447,241.79000000000002,High
206,2,477.79,Churn Likely,1,3,2,132,1,2448,198.29500000000002,High
10,5,1530.75,VIP,5,4,4,544,0,2449,764.875,High
114,2,605.0600000000001,Regular,2,3,3,233,0,2450,280.33000000000004,High
241,1,183.85,Churn Likely,1,1,1,111,1,2451,44.02499999999999,Medium
162,1,311.65,At Risk,2,1,2,212,0,2452,123.725,High
16,7,4975.24,VIP,4,5,5,455,0,2453,2486.52,High
123,2,462.65999999999997,At Risk,2,3,2,232,0,2454,207.32999999999998,High
22,3,840.21,Loyal,4,3,3,433,0,2455,416.605,High
67,1,415.2,Regular,3,1,2,312,0,2456,194.5,High
16,8,2552.21,VIP,4,5,5,455,0,2457,1275.305,High
15,2,454.86,Regular,4,3,2,432,0,2458,225.03,High
16,4,1614.91,Loyal,4,4,4,444,0,2459,805.455,High
160,2,588.22,At Risk,2,3,3,233,0,2460,262.71000000000004,High
242,1,309.52,Churn Likely,1,1,2,112,1,2461,106.66,High
218,1,134.7,Churn Likely,1,1,1,111,1,2462,24.04999999999999,Low
44,8,2166.98,Loyal,3,5,5,355,0,2463,1077.0900000000001,High
20,4,668.5600000000001,Loyal,4,4,3,443,0,2464,331.48,High
126,8,889.9300000000001,At Risk,2,5,3,253,0,2465,422.165,High
38,1,108.97999999999999,Regular,3,1,1,311,0,2466,47.18999999999999,Medium
120,2,1021.58,Regular,2,3,4,234,0,2467,487.39000000000004,High
259,1,409.57,Churn Likely,1,1,2,112,1,2468,153.285,High
9,1,133.5,Regular,5,1,1,511,0,2469,65.25,Medium
273,1,282.93,Churn Likely,1,1,2,112,1,2470,87.16500000000002,High
164,1,51.0,At Risk,2,1,1,211,0,2471,-7.0000000000000036,Low
156,4,1078.96,At Risk,2,4,4,244,0,2472,509.4800000000001,High
214,1,90.6,Churn Likely,1,1,1,111,1,2473,2.79999999999999,Low
5,2,163.62,Regular,5,3,1,531,0,2474,81.41,High
365,1,174.4,Churn Likely,1,1,1,111,1,2475,14.5,Low
79,2,701.23,Regular,2,3,3,233,0,2476,335.415,High
42,1,225.12,Regular,3,1,1,311,0,2477,104.46,High
18,3,912.18,Loyal,4,3,3,433,0,2478,453.38999999999993,High
31,4,2118.03,Loyal,4,4,5,445,0,2479,1054.015,High
21,1,151.5,Regular,4,1,1,411,0,2480,71.85,High
108,8,3717.35,Regular,2,5,5,255,0,2481,1839.4750000000001,High
7,16,9227.82,VIP,5,5,5,555,0,2482,4617.31,High
319,1,155.0,Churn Likely,1,1,1,111,1,2483,13.999999999999993,Low
294,1,100.5,Churn Likely,1,1,1,111,1,2484,-8.250000000000007,Low
357,1,76.55,Churn Likely,1,1,1,111,1,2485,-32.82500000000001,Low
184,1,235.56,Churn Likely,1,1,1,111,1,2486,81.28,High
190,2,617.05,Churn Likely,1,3,3,133,1,2487,271.125,High
43,2,348.1,Regular,3,3,2,332,0,2488,166.05,High
51,1,202.68,Regular,3,1,1,311,0,2489,91.44,High
25,1,615.49,Regular,4,1,3,413,0,2490,303.045,High
37,3,1247.69,Loyal,3,3,4,334,0,2491,617.345,High
8,3,202.11,Loyal,5,3,1,531,0,2492,100.35500000000002,High
296,1,142.4,Churn Likely,1,1,1,111,1,2493,12.299999999999997,Low
32,3,1727.6,Loyal,4,3,4,434,0,2494,858.3,High
9,8,3212.84,VIP,5,5,5,555,0,2495,1607.0200000000002,High
64,2,1043.46,Regular,3,3,4,334,0,2496,509.53000000000003,High
9,9,4642.57,VIP,5,5,5,555,0,2497,2322.1849999999995,High
217,1,67.95,Churn Likely,1,1,1,111,1,2498,-9.125000000000007,Low
1,9,3479.91,VIP,5,5,5,555,0,2499,1742.455,High
64,2,487.99,Regular,3,3,3,333,0,2500,231.795,High
2,19,2612.96,VIP,5,5,5,555,0,2501,1311.78,High
148,1,574.7,At Risk,2,1,3,213,0,2502,258.05,High
3,13,4051.48,VIP,5,5,5,555,0,2503,2029.0400000000002,High
129,4,1475.81,At Risk,2,4,4,244,0,2504,713.3050000000001,High
33,6,1449.32,Loyal,3,5,4,354,0,2505,719.8599999999999,High
118,1,156.75,Regular,2,1,1,211,0,2506,55.074999999999996,Medium
106,6,2157.73,Regular,2,5,5,255,0,2507,1059.465,High
10,7,2599.03,VIP,5,5,5,555,0,2508,1299.615,High
70,6,2059.4500000000003,Regular,3,5,5,355,0,2509,1017.5250000000001,High
91,9,1100.27,Regular,2,5,4,254,0,2510,534.635,High
310,1,1063.0,Churn Likely,1,1,4,114,1,2511,469.79999999999995,High
42,2,770.03,Regular,3,3,3,333,0,2512,377.21500000000003,High
361,1,121.05,Churn Likely,1,1,1,111,1,2513,-11.375000000000007,Low
91,7,1496.98,Regular,2,5,4,254,0,2514,732.39,High
0,13,5855.57,VIP,5,5,5,555,0,2515,2931.685,High
21,2,490.22,Regular,4,3,3,433,0,2516,241.51000000000002,High
3,3,1937.25,Loyal,5,3,4,534,0,2517,968.925,High
10,6,1051.79,VIP,5,5,4,554,0,2518,525.6949999999999,High
98,1,387.52,Regular,2,1,2,212,0,2519,174.46,High
56,2,813.11,Regular,3,3,3,333,0,2520,395.95500000000004,High
0,6,4263.64,VIP,5,5,5,555,0,2521,2133.6200000000003,High
217,1,265.2,Churn Likely,1,1,2,112,1,2522,89.5,High
17,1,322.08,Regular,4,1,2,412,0,2523,157.94,High
23,10,4481.67,VIP,4,5,5,455,0,2524,2239.235,High
49,2,363.34000000000003,Regular,3,3,2,332,0,2525,172.47,High
6,5,1224.06,VIP,5,4,4,544,0,2526,612.3299999999999,High
302,1,470.36,Churn Likely,1,1,2,112,1,2527,175.08,High
9,6,2248.5,VIP,5,5,5,555,0,2528,1124.25,High
21,6,1372.8,VIP,4,5,4,454,0,2529,683.9999999999999,High
98,1,89.06,Regular,2,1,1,211,0,2530,25.229999999999997,Low
365,1,63.0,Churn Likely,1,1,1,111,1,2531,-41.2,Low
305,1,131.9,Churn Likely,1,1,1,111,1,2532,5.25,Low
319,1,2661.24,Churn Likely,1,1,5,115,1,2533,1267.12,High
7,5,2357.6800000000003,VIP,5,4,5,545,0,2534,1178.94,High
0,4,1712.89,Loyal,5,4,4,544,0,2535,857.6450000000001,High
204,2,1589.82,Churn Likely,1,3,4,134,1,2536,754.71,High
53,4,1420.2,Loyal,3,4,4,344,0,2537,700.7,High
0,4,1010.35,Loyal,5,4,4,544,0,2538,506.375,High
18,5,1163.23,VIP,4,4,4,444,0,2539,579.515,High
8,2,375.35,Regular,5,3,2,532,0,2540,186.675,High
18,4,885.8,Loyal,4,4,3,443,0,2541,440.49999999999994,High
180,3,483.25,At Risk,1,3,2,132,0,2542,206.525,High
59,2,643.9,Regular,3,3,3,333,0,2543,310.75,High
10,2,259.05,Regular,5,3,2,532,0,2544,128.125,High
189,1,119.93,Churn Likely,1,1,1,111,1,2545,22.464999999999996,Low
4,9,3017.28,VIP,5,5,5,555,0,2546,1510.5400000000002,High
310,1,113.64,Churn Likely,1,1,1,111,1,2547,-4.880000000000003,Low
154,1,1837.92,At Risk,2,1,4,214,0,2548,888.46,High
109,3,434.34,Regular,2,3,2,232,0,2549,196.26999999999998,High
147,3,2103.06,At Risk,2,3,5,235,0,2550,1023.0300000000001,High
65,11,1980.57,Regular,3,5,4,354,0,2551,980.5849999999999,High
97,3,529.62,Regular,2,3,3,233,0,2552,246.30999999999997,High
246,3,1038.44,Churn Likely,1,3,4,134,1,2553,470.92,High
28,7,2272.4,VIP,4,5,5,455,0,2554,1132.7,High
17,4,596.26,Loyal,4,4,3,443,0,2555,295.93,High
11,2,461.19,Regular,5,3,2,532,0,2556,228.995,High
103,8,1852.67,Regular,2,5,4,254,0,2557,908.135,High
73,2,234.34000000000003,Regular,2,3,1,231,0,2558,103.17000000000002,High
45,1,547.66,Regular,3,1,3,313,0,2559,265.13,High
71,3,925.85,Regular,3,3,3,333,0,2560,449.625,High
256,1,193.0,Churn Likely,1,1,1,111,1,2561,45.599999999999994,Medium
19,4,1309.6,Loyal,4,4,4,444,0,2562,652.2,High
253,2,316.25,Churn Likely,1,3,2,132,1,2563,108.125,High
10,1,279.05,Regular,5,1,2,512,0,2564,137.82500000000002,High
164,2,636.51,At Risk,2,3,3,233,0,2565,286.055,High
17,6,2022.81,VIP,4,5,4,454,0,2566,1009.805,High
281,1,137.1,Churn Likely,1,1,1,111,1,2567,12.649999999999991,Low
49,1,321.92,Regular,3,1,2,312,0,2568,151.46,High
38,1,162.8,Regular,3,1,1,311,0,2569,74.10000000000001,High
26,6,1165.48,VIP,4,5,4,454,0,2570,579.3399999999999,High
67,1,1064.28,Regular,3,1,4,314,0,2571,519.04,High
206,1,463.38,Churn Likely,1,1,2,112,1,2572,190.79000000000002,High
174,2,340.93,At Risk,2,3,2,232,0,2573,136.265,High
6,5,2383.2400000000002,VIP,5,4,5,545,0,2574,1191.92,High
25,1,139.56,Regular,4,1,1,411,0,2575,65.08,Medium
50,2,123.8,Regular,3,3,1,331,0,2576,52.5,Medium
311,2,538.8100000000001,Churn Likely,1,3,3,133,1,2577,207.80500000000006,High
308,1,475.37,Churn Likely,1,1,2,112,1,2578,176.38500000000002,High
42,5,1957.32,Loyal,3,4,4,344,0,2579,971.76,High
25,3,808.44,Loyal,4,3,3,433,0,2580,400.12,High
87,3,356.85,Regular,2,3,2,232,0,2581,161.925,High
183,2,251.21,Churn Likely,1,3,2,132,1,2582,89.60499999999999,High
19,11,2429.83,VIP,4,5,5,455,0,2583,1214.415,High
2,6,3543.26,VIP,5,5,5,555,0,2584,1773.03,High
46,4,673.26,Loyal,3,4,3,343,0,2585,328.63,High
16,8,5859.43,VIP,4,5,5,455,0,2586,2928.9150000000004,High
16,5,1960.65,VIP,4,4,4,444,0,2587,978.625,High
23,6,1367.88,VIP,4,5,4,454,0,2588,681.14,High
21,2,268.05,Regular,4,3,2,432,0,2589,130.425,High
10,5,1314.81,VIP,5,4,4,544,0,2590,656.905,High
187,2,275.28,Churn Likely,1,3,2,132,1,2591,100.83999999999997,High
100,3,455.59000000000003,Regular,2,3,2,232,0,2592,208.69500000000002,High
60,3,990.2,Loyal,3,3,4,334,0,2593,484.0,High
17,6,2076.89,VIP,4,5,5,455,0,2594,1036.8449999999998,High
32,2,330.45,Regular,4,3,2,432,0,2595,159.42499999999998,High
63,1,174.37,Regular,3,1,1,311,0,2596,74.88499999999999,High
1,2,270.6,Regular,5,3,2,532,0,2597,135.70000000000002,High
23,4,974.54,Loyal,4,4,4,444,0,2598,483.86999999999995,High
107,1,241.09,Regular,2,1,1,211,0,2599,99.445,High
31,9,1843.83,Loyal,4,5,4,454,0,2600,918.415,High
19,9,4215.9,VIP,4,5,5,455,0,2601,2106.8499999999995,High
2,55,8507.13,VIP,5,5,5,555,0,2602,4269.665,High
36,1,364.21999999999997,Regular,3,1,2,312,0,2603,175.21,High
59,3,578.61,Loyal,3,3,3,333,0,2604,278.405,High
25,6,2862.11,VIP,4,5,5,455,0,2605,1427.855,High
235,4,932.85,Churn Likely,1,4,3,143,1,2606,420.625,High
24,7,1949.72,VIP,4,5,4,454,0,2607,972.1600000000001,High
2,18,4397.3,VIP,5,5,5,555,0,2608,2203.65,High
59,3,2854.84,Loyal,3,3,5,335,0,2609,1416.5200000000002,High
259,1,170.95,Churn Likely,1,1,1,111,1,2610,33.97499999999999,Low
57,1,355.56,Regular,3,1,2,312,0,2611,166.68,High
64,2,388.25,Regular,3,3,2,332,0,2612,181.92499999999998,High
15,2,537.48,Regular,4,3,3,433,0,2613,266.34000000000003,High
9,3,952.66,Loyal,5,3,4,534,0,2614,475.42999999999995,High
58,8,1453.35,Loyal,3,5,4,354,0,2615,717.4749999999999,High
185,1,103.25,Churn Likely,1,1,1,111,1,2616,14.924999999999997,Low
28,16,3599.73,VIP,4,5,5,455,0,2617,1799.065,High
23,2,2004.3,Regular,4,3,4,434,0,2618,998.15,High
4,5,2573.93,VIP,5,4,5,545,0,2619,1287.665,High
3,8,3974.75,VIP,5,5,5,555,0,2620,1989.1750000000002,High
150,2,652.8,At Risk,2,3,3,233,0,2621,297.0,High
310,1,289.24,Churn Likely,1,1,2,112,1,2622,82.92000000000002,High
10,2,757.37,Regular,5,3,3,533,0,2623,377.285,High
17,2,186.23,Regular,4,3,1,431,0,2624,90.31499999999998,High
151,1,164.22,At Risk,2,1,1,211,0,2625,52.209999999999994,Medium
18,5,859.27,VIP,4,4,3,443,0,2626,427.53499999999997,High
9,4,2279.4900000000002,Loyal,5,4,5,545,0,2627,1139.1450000000002,High
56,2,312.54,Regular,3,3,2,332,0,2628,145.67000000000002,High
84,1,788.38,Regular,2,1,3,213,0,2629,377.69,High
6,22,2237.77,VIP,5,5,5,555,0,2630,1124.2849999999999,High
75,3,1080.76,Regular,2,3,4,234,0,2631,526.28,High
3,18,5006.77,VIP,5,5,5,555,0,2632,2508.1850000000004,High
95,4,3099.12,Regular,2,4,5,245,0,2633,1531.76,High
110,1,1432.0,Regular,2,1,4,214,0,2634,694.3,High
56,2,1530.3600000000001,Regular,3,3,4,334,0,2635,754.58,High
0,1,227.39,Regular,5,1,1,511,0,2636,113.99499999999999,High
280,2,218.06,Churn Likely,1,3,1,131,1,2637,53.629999999999995,Medium
2,7,2804.54,VIP,5,5,5,555,0,2638,1403.9699999999998,High
179,9,1639.82,At Risk,1,5,4,154,0,2639,786.8100000000001,High
371,1,35.400000000000006,Lost,1,1,1,111,1,2640,-56.2,Low
12,4,859.71,Loyal,5,4,3,543,0,2641,428.65500000000003,High
2,1,168.63,Regular,5,1,1,511,0,2642,84.21499999999999,High
16,1,138.6,Regular,4,1,1,411,0,2643,66.39999999999999,Medium
40,1,114.11,Regular,3,1,1,311,0,2644,49.355,Medium
5,5,986.96,VIP,5,4,4,544,0,2645,493.98,High
168,4,1033.06,At Risk,2,4,4,244,0,2646,484.13,High
49,1,157.05,Regular,3,1,1,311,0,2647,69.025,Medium
276,1,237.36,Churn Likely,1,1,1,111,1,2648,63.78,Medium
18,9,1580.29,VIP,4,5,4,454,0,2649,789.245,High
371,1,39.75,Lost,1,1,1,111,1,2650,-54.025000000000006,Low
14,4,1320.21,Loyal,4,4,4,444,0,2651,658.5050000000001,High
34,3,557.94,Loyal,3,3,3,333,0,2652,273.07,High
21,3,617.15,Loyal,4,3,3,433,0,2653,305.275,High
6,2,363.33,Regular,5,3,2,532,0,2654,181.065,High
19,6,1740.6,VIP,4,5,4,454,0,2655,868.3,High
10,2,866.24,Regular,5,3,3,533,0,2656,431.72,High
43,1,221.97,Regular,3,1,1,311,0,2657,102.685,High
305,1,393.33000000000004,Churn Likely,1,1,2,112,1,2658,135.96500000000003,High
10,1,213.96,Regular,5,1,1,511,0,2659,105.28,High
274,1,660.0,Churn Likely,1,1,3,113,1,2660,275.5,High
0,93,12076.15,VIP,5,5,5,555,0,2661,6065.974999999999,High
15,14,16209.5,VIP,4,5,5,455,0,2662,8105.95,High
3,4,1785.15,Loyal,5,4,4,544,0,2663,893.1750000000001,High
71,4,601.56,Regular,3,4,3,343,0,2664,287.78,High
242,3,406.08000000000004,Churn Likely,1,3,2,132,1,2665,155.54000000000002,High
8,3,553.44,Loyal,5,3,3,533,0,2666,276.02,High
245,1,394.44,Churn Likely,1,1,2,112,1,2667,148.52,High
205,2,412.78000000000003,Churn Likely,1,3,2,132,1,2668,165.99,High
0,5,1788.3600000000001,VIP,5,4,4,544,0,2669,895.6800000000001,High
184,1,320.58000000000004,Churn Likely,1,1,2,112,1,2670,123.79000000000002,High
31,5,886.7,Loyal,4,4,3,443,0,2671,438.65000000000003,High
56,2,225.85,Regular,3,3,1,331,0,2672,102.32499999999999,High
195,2,899.63,Churn Likely,1,3,3,133,1,2673,411.415,High
23,4,2791.27,Loyal,4,4,5,445,0,2674,1392.2350000000001,High
90,2,671.96,Regular,2,3,3,233,0,2675,318.58000000000004,High
3,2,955.26,Regular,5,3,4,534,0,2676,477.63,High
50,3,1006.98,Loyal,3,3,4,334,0,2677,494.39,High
262,1,114.56,Churn Likely,1,1,1,111,1,2678,5.179999999999993,Low
265,1,344.90000000000003,Churn Likely,1,1,2,112,1,2679,119.75000000000003,High
35,2,609.85,Regular,3,3,3,333,0,2680,298.52500000000003,High
50,1,443.6,Regular,3,1,2,312,0,2681,212.10000000000002,High
51,6,2984.49,Loyal,3,5,5,355,0,2682,1483.8449999999998,High
23,6,2107.38,VIP,4,5,5,455,0,2683,1050.89,High
21,1,110.46,Regular,4,1,1,411,0,2684,51.32999999999999,Medium
58,1,96.12,Regular,3,1,1,311,0,2685,36.76,Low
169,2,693.8100000000001,At Risk,2,3,3,233,0,2686,313.70500000000004,High
67,2,830.76,Regular,3,3,3,333,0,2687,402.58000000000004,High
156,2,597.09,At Risk,2,3,3,233,0,2688,267.94500000000005,High
1,73,280206.02,VIP,5,5,5,555,0,2689,140124.71,High
200,1,236.04000000000002,Churn Likely,1,1,1,111,1,2690,78.32000000000001,High
4,4,1402.59,Loyal,5,4,4,544,0,2691,701.695,High
66,2,653.75,Regular,3,3,3,333,0,2692,314.27500000000003,High
76,1,114.18,Regular,2,1,1,211,0,2693,42.19,Medium
0,7,1926.65,VIP,5,5,4,554,0,2694,965.4250000000001,High
7,4,1932.23,Loyal,5,4,4,544,0,2695,965.9150000000001,High
168,2,291.05,At Risk,2,3,2,232,0,2696,112.525,High
17,4,848.22,Loyal,4,4,3,443,0,2697,421.91,High
4,2,247.15,Regular,5,3,1,531,0,2698,123.375,High
8,9,2529.93,VIP,5,5,5,555,0,2699,1266.065,High
86,2,285.74,Regular,2,3,2,232,0,2700,126.27,High
26,1,107.95,Regular,4,1,1,411,0,2701,49.074999999999996,Medium
28,4,741.37,Loyal,4,4,3,443,0,2702,366.28499999999997,High
19,2,636.24,Regular,4,3,3,433,0,2703,314.92,High
60,5,1835.7,Loyal,3,4,4,344,0,2704,907.35,High
23,1,195.25,Regular,4,1,1,411,0,2705,93.325,High
10,25,9175.04,VIP,5,5,5,555,0,2706,4593.02,High
241,3,1259.24,Churn Likely,1,3,4,134,1,2707,582.3199999999999,High
279,2,392.86,Churn Likely,1,3,2,132,1,2708,141.23,High
234,2,765.55,Churn Likely,1,3,3,133,1,2709,336.575,High
2,5,1736.4,VIP,5,4,4,544,0,2710,869.3000000000001,High
15,1,596.36,Regular,4,1,3,413,0,2711,295.48,High
30,6,2548.2400000000002,VIP,4,5,5,455,0,2712,1269.92,High
24,16,28754.11,VIP,4,5,5,455,0,2713,14377.055,High
70,3,498.95,Regular,3,3,3,333,0,2714,236.375,High
187,2,52.0,Churn Likely,1,3,1,131,1,2715,-10.799999999999997,Low
25,5,1201.51,VIP,4,4,4,444,0,2716,597.255,High
106,1,628.38,Regular,2,1,3,213,0,2717,293.29,High
7,21,5579.1,VIP,5,5,5,555,0,2718,2794.4500000000003,High
208,1,112.8,Churn Likely,1,1,1,111,1,2719,15.099999999999994,Low
43,2,355.05,Regular,3,3,2,332,0,2720,169.525,High
30,5,2114.33,VIP,4,4,5,445,0,2721,1052.665,High
136,4,591.55,At Risk,2,4,3,243,0,2722,269.775,High
264,1,172.9,Churn Likely,1,1,1,111,1,2723,33.949999999999996,Low
3,7,2078.95,VIP,5,5,5,555,0,2724,1040.975,High
217,2,188.60999999999999,Churn Likely,1,3,1,131,1,2725,51.50499999999998,Medium
1,5,1217.27,VIP,5,4,4,544,0,2726,609.935,High
213,1,109.13000000000001,Churn Likely,1,1,1,111,1,2727,12.265,Low
31,3,2195.1,Loyal,4,3,5,435,0,2728,1092.25,High
10,9,2526.09,VIP,5,5,5,555,0,2729,1263.7450000000001,High
0,17,3251.79,VIP,5,5,5,555,0,2730,1630.995,High
14,1,318.17,Regular,4,1,2,412,0,2731,156.585,High
10,9,1493.96,VIP,5,5,4,554,0,2732,747.6800000000001,High
198,1,179.0,Churn Likely,1,1,1,111,1,2733,50.199999999999996,Medium
2,3,1126.37,Loyal,5,3,4,534,0,2734,563.685,High
14,13,4921.04,VIP,4,5,5,455,0,2735,2461.62,High
13,4,599.48,Loyal,4,4,3,443,0,2736,298.34,High
9,11,2839.62,VIP,5,5,5,555,0,2737,1421.31,High
28,3,917.07,Loyal,4,3,3,433,0,2738,453.835,High
8,11,2662.2,VIP,5,5,5,555,0,2739,1332.8,High
23,1,160.19,Regular,4,1,1,411,0,2740,75.795,High
24,4,867.38,Loyal,4,4,3,443,0,2741,430.09,High
42,2,307.51,Regular,3,3,2,332,0,2742,145.95499999999998,High
1,5,1581.84,VIP,5,4,4,544,0,2743,792.2199999999999,High
5,3,663.81,Loyal,5,3,3,533,0,2744,331.80499999999995,High
146,1,180.42000000000002,At Risk,2,1,1,211,0,2745,61.31,Medium
9,6,1122.3600000000001,VIP,5,5,4,554,0,2746,561.1800000000001,High
24,1,655.58,Regular,4,1,3,413,0,2747,323.29,High
273,1,268.58,Churn Likely,1,1,2,112,1,2748,79.99000000000001,High
373,1,313.49,Lost,1,1,2,112,1,2749,82.44500000000001,High
0,8,1897.57,VIP,5,5,4,554,0,2750,951.185,High
46,3,380.02,Loyal,3,3,2,332,0,2751,181.71,High
7,8,2702.4900000000002,VIP,5,5,5,555,0,2752,1352.2450000000001,High
15,12,9585.91,VIP,4,5,5,455,0,2753,4793.555,High
3,32,6065.69,VIP,5,5,5,555,0,2754,3041.845,High
3,3,1164.55,Loyal,5,3,4,534,0,2755,582.5749999999999,High
42,7,1314.45,Loyal,3,5,4,354,0,2756,650.9250000000001,High
3,7,3902.28,VIP,5,5,5,555,0,2757,1952.64,High
196,3,1448.21,Churn Likely,1,3,4,134,1,2758,685.805,High
11,6,1400.34,VIP,5,5,4,554,0,2759,699.7699999999999,High
15,7,1099.98,VIP,4,5,4,454,0,2760,549.09,High
112,5,1220.26,Regular,2,4,4,244,0,2761,589.23,High
248,1,328.2,Churn Likely,1,1,2,112,1,2762,114.80000000000001,High
28,5,1415.75,VIP,4,4,4,444,0,2763,703.775,High
43,1,389.64,Regular,3,1,2,312,0,2764,186.52,High
86,1,563.15,Regular,2,1,3,213,0,2765,264.675,High
44,2,638.05,Regular,3,3,3,333,0,2766,310.825,High
9,11,5010.28,VIP,5,5,5,555,0,2767,2506.64,High
14,1,738.96,Regular,4,1,3,413,0,2768,366.98,High
74,1,420.5,Regular,2,1,2,212,0,2769,195.75,High
144,4,1484.06,At Risk,2,4,4,244,0,2770,714.4300000000001,High
4,3,1625.97,Loyal,5,3,4,534,0,2771,813.085,High
296,1,89.2,Churn Likely,1,1,1,111,1,2772,-14.300000000000004,Low
58,2,255.9,Regular,3,3,2,332,0,2773,116.95000000000002,High
263,1,300.52,Churn Likely,1,1,2,112,1,2774,97.96000000000001,High
46,1,278.3,Regular,3,1,2,312,0,2775,130.25000000000003,High
28,3,254.11,Loyal,4,3,2,432,0,2776,122.35500000000002,High
7,6,2473.37,VIP,5,5,5,555,0,2777,1237.0849999999998,High
16,2,192.60000000000002,Regular,4,3,1,431,0,2778,93.7,High
2,8,10416.98,VIP,5,5,5,555,0,2779,5210.49,High
231,2,876.42,Churn Likely,1,3,3,133,1,2780,392.61,High
111,1,139.26,Regular,2,1,1,211,0,2781,47.72999999999999,Medium
57,3,1011.9,Loyal,3,3,4,334,0,2782,495.45,High
50,11,2538.3,Loyal,3,5,5,355,0,2783,1262.45,High
126,2,730.86,At Risk,2,3,3,233,0,2784,340.83000000000004,High
280,3,386.15,Churn Likely,1,3,2,132,1,2785,137.975,High
54,2,447.68,Regular,3,3,2,332,0,2786,213.64,High
319,1,200.10000000000002,Churn Likely,1,1,1,111,1,2787,36.550000000000004,Low
25,2,289.99,Regular,4,3,2,432,0,2788,140.595,High
9,2,77.4,Regular,5,3,1,531,0,2789,37.50000000000001,Low
6,2,679.4399999999999,Regular,5,3,3,533,0,2790,339.12,High
28,1,197.64,Regular,4,1,1,411,0,2791,93.52,High
16,4,745.06,Loyal,4,4,3,443,0,2792,370.53,High
63,1,6.2,Regular,3,1,1,311,0,2793,-9.200000000000001,Low
20,1,228.99,Regular,4,1,1,411,0,2794,110.795,High
2,7,1319.91,VIP,5,5,4,554,0,2795,661.6550000000001,High
165,1,131.45000000000002,At Risk,2,1,1,211,0,2796,33.025000000000006,Low
0,17,7975.49,VIP,5,5,5,555,0,2797,3992.845,High
52,3,173.74,Loyal,3,3,1,331,0,2798,77.37,High
50,1,157.7,Regular,3,1,1,311,0,2799,69.14999999999999,Medium
47,12,4331.79,Loyal,3,5,5,355,0,2800,2160.095,High
60,1,189.34,Regular,3,1,1,311,0,2801,82.97,High
161,3,845.55,At Risk,2,3,3,233,0,2802,391.47499999999997,High
8,1,353.27,Regular,5,1,2,512,0,2803,175.335,High
14,4,546.4,Loyal,4,4,3,443,0,2804,271.59999999999997,High
74,1,193.39000000000001,Regular,2,1,1,211,0,2805,82.19500000000001,High
39,8,2718.6,Loyal,3,5,5,355,0,2806,1353.9,High
40,11,2085.33,Loyal,3,5,5,355,0,2807,1037.965,High
369,2,152.88,Lost,1,3,1,131,1,2808,3.239999999999995,Low
36,2,778.5,Regular,3,3,3,333,0,2809,382.65000000000003,High
196,1,271.85,Churn Likely,1,1,2,112,1,2810,97.02500000000002,High
199,2,1110.34,Churn Likely,1,3,4,134,1,2811,515.97,High
73,3,657.8,Regular,2,3,3,233,0,2812,315.19999999999993,High
63,2,272.07,Regular,3,3,2,332,0,2813,124.035,High
20,4,507.29,Loyal,4,4,3,443,0,2814,250.845,High
366,1,48.800000000000004,Lost,1,1,1,111,1,2815,-48.5,Low
179,3,321.43,At Risk,1,3,2,132,0,2816,125.815,High
9,4,1127.71,Loyal,5,4,4,544,0,2817,563.2550000000001,High
3,12,2221.01,VIP,5,5,5,555,0,2818,1113.505,High
196,3,2139.76,Churn Likely,1,3,5,135,1,2819,1031.5800000000002,High
28,4,697.55,Loyal,4,4,3,443,0,2820,344.37499999999994,High
52,1,188.88,Regular,3,1,1,311,0,2821,84.33999999999999,High
17,6,1720.3,VIP,4,5,4,454,0,2822,858.55,High
9,3,102.44999999999999,Loyal,5,3,1,531,0,2823,50.324999999999996,Medium
89,4,1649.5,Regular,2,4,4,244,0,2824,808.1500000000001,High
267,1,62.85,Churn Likely,1,1,1,111,1,2825,-21.675000000000004,Low
52,6,3295.76,Loyal,3,5,5,355,0,2826,1639.28,High
43,4,2824.69,Loyal,3,4,5,345,0,2827,1404.9450000000002,High
63,4,3189.81,Regular,3,4,5,345,0,2828,1583.505,High
148,1,309.4,At Risk,2,1,2,212,0,2829,125.4,High
21,25,7930.54,VIP,4,5,5,455,0,2830,3968.57,High
311,1,325.75,Churn Likely,1,1,2,112,1,2831,100.97500000000001,High
22,2,511.35,Regular,4,3,3,433,0,2832,251.87500000000003,High
57,6,2836.69,Loyal,3,5,5,355,0,2833,1408.745,High
23,2,475.8,Regular,4,3,2,432,0,2834,233.9,High
77,7,2740.03,Regular,2,5,5,255,0,2835,1356.715,High
118,2,645.65,Regular,2,3,3,233,0,2836,299.825,High
35,3,1290.53,Loyal,3,3,4,334,0,2837,639.165,High
59,2,1173.12,Regular,3,3,4,334,0,2838,575.36,High
12,4,1353.74,Loyal,5,4,4,544,0,2839,675.6700000000001,High
18,1,170.32,Regular,4,1,1,411,0,2840,81.86,High
51,1,125.79,Regular,3,1,1,311,0,2841,52.995,Medium
25,2,841.1999999999999,Regular,4,3,3,433,0,2842,416.2,High
28,1,266.76,Regular,4,1,2,412,0,2843,128.08,High
6,2,52.2,Regular,5,3,1,531,0,2844,25.500000000000004,Low
10,12,14389.9,VIP,5,5,5,555,0,2845,7196.55,High
185,3,710.28,Churn Likely,1,3,3,133,1,2846,319.03999999999996,High
2,8,2953.59,VIP,5,5,5,555,0,2847,1478.795,High
8,2,721.45,Regular,5,3,3,533,0,2848,359.725,High
261,1,327.25,Churn Likely,1,1,2,112,1,2849,111.72500000000001,High
2,4,501.28000000000003,Loyal,5,4,3,543,0,2850,251.44,High
209,1,519.68,Churn Likely,1,1,3,113,1,2851,218.33999999999997,High
107,2,1465.3200000000002,Regular,2,3,4,234,0,2852,711.8600000000001,High
12,9,1476.09,VIP,5,5,4,554,0,2853,738.345,High
76,3,690.59,Regular,2,3,3,233,0,2854,330.995,High
19,1,255.4,Regular,4,1,2,412,0,2855,124.2,High
26,2,589.7,Regular,4,3,3,433,0,2856,290.25000000000006,High
18,6,761.59,VIP,4,5,3,453,0,2857,378.995,High
131,1,765.3199999999999,At Risk,2,1,3,213,0,2858,356.76,High
252,1,364.8,Churn Likely,1,1,2,112,1,2859,132.3,High
78,1,1862.0,Regular,2,1,4,214,0,2860,915.6999999999999,High
206,1,369.2,Churn Likely,1,1,2,112,1,2861,143.7,High
335,1,135.9,Churn Likely,1,1,1,111,1,2862,1.25,Low
253,1,125.65,Churn Likely,1,1,1,111,1,2863,12.524999999999999,Low
147,2,554.38,At Risk,2,3,3,233,0,2864,248.39000000000001,High
9,2,1237.8500000000001,Regular,5,3,4,534,0,2865,617.7250000000001,High
84,1,655.75,Regular,2,1,3,213,0,2866,311.375,High
7,20,11138.710000000001,VIP,5,5,5,555,0,2867,5573.955000000001,High
204,2,468.77000000000004,Churn Likely,1,3,2,132,1,2868,194.185,High
7,4,1366.38,Loyal,5,4,4,544,0,2869,682.9900000000001,High
22,6,1269.31,VIP,4,5,4,454,0,2870,632.055,High
10,9,1421.29,VIP,5,5,4,554,0,2871,711.345,High
25,1,332.66,Regular,4,1,2,412,0,2872,161.63000000000002,High
20,5,2795.33,VIP,4,4,5,445,0,2873,1395.165,High
1,2,1025.44,Regular,5,3,4,534,0,2874,513.12,High
157,2,616.15,At Risk,2,3,3,233,0,2875,277.27500000000003,High
2,7,3501.1,VIP,5,5,5,555,0,2876,1752.2499999999998,High
73,1,277.8,Regular,2,1,2,212,0,2877,124.60000000000002,High
2,4,434.35,Loyal,5,4,2,542,0,2878,217.975,High
0,201,143711.17,VIP,5,5,5,555,0,2879,71915.88500000001,High
16,2,867.85,Regular,4,3,3,433,0,2880,431.32500000000005,High
35,4,1227.43,Loyal,3,4,4,344,0,2881,607.9150000000001,High
90,2,307.48,Regular,2,3,2,232,0,2882,136.34,High
70,4,1268.98,Regular,3,4,4,344,0,2883,621.69,High
115,2,1610.15,Regular,2,3,4,234,0,2884,782.6750000000001,High
212,2,977.77,Churn Likely,1,3,4,134,1,2885,447.08500000000004,High
29,2,1316.07,Regular,4,3,4,434,0,2886,652.835,High
50,1,749.1,Regular,3,1,3,313,0,2887,364.85,High
245,1,310.05,Churn Likely,1,1,2,112,1,2888,106.32500000000002,High
31,1,223.88,Regular,4,1,1,411,0,2889,106.03999999999999,High
108,3,2362.96,Regular,2,3,5,235,0,2890,1160.7800000000002,High
4,5,1257.68,VIP,5,4,4,544,0,2891,629.5400000000001,High
365,1,363.53,Churn Likely,1,1,2,112,1,2892,109.065,High
81,2,1890.94,Regular,2,3,4,234,0,2893,929.87,High
296,1,1784.71,Churn Likely,1,1,4,114,1,2894,833.4549999999999,High
33,8,8137.02,Loyal,3,5,5,355,0,2895,4064.3100000000004,High
56,3,1621.88,Loyal,3,3,4,334,0,2896,800.64,High
29,12,5900.25,VIP,4,5,5,455,0,2897,2947.9249999999997,High
13,1,100.9,Regular,4,1,1,411,0,2898,48.15,Medium
71,2,290.82,Regular,3,3,2,332,0,2899,131.81,High
22,6,1101.97,VIP,4,5,4,454,0,2900,548.385,High
18,1,371.2,Regular,4,1,2,412,0,2901,182.3,High
78,1,311.69,Regular,2,1,2,212,0,2902,140.54500000000002,High
59,11,8099.49,Loyal,3,5,5,355,0,2903,4041.245,High
24,1,285.67,Regular,4,1,2,412,0,2904,138.335,High
11,1,294.85,Regular,5,1,2,512,0,2905,145.52500000000003,High
252,1,58.49,Churn Likely,1,1,1,111,1,2906,-20.855000000000004,Low
146,3,483.72999999999996,At Risk,2,3,2,232,0,2907,213.565,High
63,4,695.42,Regular,3,4,3,343,0,2908,336.30999999999995,High
7,2,221.27,Regular,5,3,1,531,0,2909,109.835,High
10,9,7044.68,VIP,5,5,5,555,0,2910,3523.04,High
270,1,126.7,Churn Likely,1,1,1,111,1,2911,9.649999999999999,Low
9,5,1472.34,VIP,5,4,4,544,0,2912,735.87,High
246,1,206.21,Churn Likely,1,1,1,111,1,2913,54.205,Medium
95,2,596.09,Regular,2,3,3,233,0,2914,279.64500000000004,High
14,1,183.02,Regular,4,1,1,411,0,2915,89.01,High
49,1,463.8,Regular,3,1,2,312,0,2916,222.4,High
29,1,147.59,Regular,4,1,1,411,0,2917,68.295,Medium
67,4,1592.06,Regular,3,4,4,344,0,2918,783.83,High
34,3,1097.98,Loyal,3,3,4,334,0,2919,543.09,High
127,1,114.77,At Risk,2,1,1,211,0,2920,32.285,Low
106,3,1314.45,Regular,2,3,4,234,0,2921,636.925,High
36,1,89.94,Regular,3,1,1,311,0,2922,38.06999999999999,Low
56,1,279.94,Regular,3,1,2,312,0,2923,129.07000000000002,High
56,7,790.86,Loyal,3,5,3,353,0,2924,386.33000000000004,High
71,5,1921.3700000000001,Regular,3,4,4,344,0,2925,947.985,High
245,1,102.12,Churn Likely,1,1,1,111,1,2926,2.3599999999999994,Low
18,2,202.37,Regular,4,3,1,431,0,2927,98.185,High
197,2,292.01,Churn Likely,1,3,2,132,1,2928,107.20499999999998,High
15,2,326.4,Regular,4,3,2,432,0,2929,160.79999999999998,High
211,1,334.54,Churn Likely,1,1,2,112,1,2930,125.37000000000002,High
38,2,231.98000000000002,Regular,3,3,1,331,0,2931,108.99000000000001,High
45,3,546.1999999999999,Loyal,3,3,3,333,0,2932,264.99999999999994,High
169,2,414.87,At Risk,2,3,2,232,0,2933,174.23499999999999,High
47,1,490.52,Regular,3,1,3,313,0,2934,236.16,High
115,4,1641.76,Regular,2,4,4,244,0,2935,799.08,High
146,1,1220.77,At Risk,2,1,4,214,0,2936,581.4849999999999,High
15,28,6295.37,VIP,4,5,5,455,0,2937,3153.085,High
50,1,480.38,Regular,3,1,2,312,0,2938,230.49,High
158,1,156.91,At Risk,2,1,1,211,0,2939,47.154999999999994,Medium
11,3,1259.43,Loyal,5,3,4,534,0,2940,628.415,High
35,1,308.94,Regular,3,1,2,312,0,2941,147.77,High
53,2,405.04,Regular,3,3,2,332,0,2942,192.52,High
42,2,257.67,Regular,3,3,2,332,0,2943,121.035,High
172,1,170.04,At Risk,2,1,1,211,0,2944,50.919999999999995,Medium
33,1,125.58,Regular,3,1,1,311,0,2945,56.489999999999995,Medium
38,3,496.21000000000004,Loyal,3,3,3,333,0,2946,241.40500000000003,High
266,1,252.81,Churn Likely,1,1,2,112,1,2947,73.505,High
8,9,1871.77,VIP,5,5,4,554,0,2948,936.985,High
11,4,852.39,Loyal,5,4,3,543,0,2949,425.195,High
2,11,6720.41,VIP,5,5,5,555,0,2950,3363.105,High
9,10,1636.43,VIP,5,5,4,554,0,2951,819.4150000000001,High
32,1,361.96,Regular,4,1,2,412,0,2952,174.88,High
79,3,469.0,Regular,2,3,2,232,0,2953,219.6,High
30,4,1066.1499999999999,Loyal,4,4,4,444,0,2954,528.275,High
7,4,627.13,Loyal,5,4,3,543,0,2955,313.365,High
71,2,518.28,Regular,3,3,3,333,0,2956,245.54000000000002,High
3,4,653.19,Loyal,5,4,3,543,0,2957,327.195,High
255,3,4959.1,Churn Likely,1,3,5,135,1,2958,2429.4500000000003,High
4,10,2557.18,VIP,5,5,5,555,0,2959,1280.79,High
15,8,4274.16,VIP,4,5,5,455,0,2960,2136.48,High
89,1,252.73000000000002,Regular,2,1,2,212,0,2961,108.86500000000001,High
71,3,429.56,Regular,3,3,2,332,0,2962,201.48000000000002,High
58,6,685.74,Loyal,3,5,3,353,0,2963,333.07,High
9,47,19766.59,VIP,5,5,5,555,0,2964,9895.595000000001,High
169,1,179.93,At Risk,2,1,1,211,0,2965,56.464999999999996,Medium
198,1,135.93,Churn Likely,1,1,1,111,1,2966,28.665,Low
30,1,537.0,Regular,4,1,3,413,0,2967,262.8,High
18,17,7634.7300000000005,VIP,4,5,5,455,0,2968,3818.8650000000002,High
151,2,735.66,At Risk,2,3,3,233,0,2969,338.23,High
8,15,5090.42,VIP,5,5,5,555,0,2970,2548.11,High
269,1,343.62,Churn Likely,1,1,2,112,1,2971,118.31,High
64,4,381.0,Regular,3,4,2,342,0,2972,178.89999999999998,High
273,1,121.17000000000002,Churn Likely,1,1,1,111,1,2973,6.285000000000004,Low
24,3,1737.69,Loyal,4,3,4,434,0,2974,864.945,High
22,3,1383.3600000000001,Loyal,4,3,4,434,0,2975,688.1800000000001,High
318,1,207.73000000000002,Churn Likely,1,1,1,111,1,2976,40.565000000000005,Medium
4,3,693.95,Loyal,5,3,3,533,0,2977,347.075,High
11,2,302.1,Regular,5,3,2,532,0,2978,149.45000000000002,High
274,2,1489.5,Churn Likely,1,3,4,134,1,2979,690.5500000000001,High
24,11,2102.54,VIP,4,5,5,455,0,2980,1049.77,High
40,9,1337.72,Loyal,3,5,4,354,0,2981,663.5600000000001,High
7,4,294.25,Loyal,5,4,2,542,0,2982,146.92499999999998,High
3,48,54534.14,VIP,5,5,5,555,0,2983,27280.870000000003,High
70,4,987.86,Regular,3,4,4,344,0,2984,481.13,High
212,1,370.79999999999995,Churn Likely,1,1,2,112,1,2985,143.29999999999998,High
37,4,3158.13,Loyal,3,4,5,345,0,2986,1572.865,High
52,1,893.59,Regular,3,1,3,313,0,2987,436.69500000000005,High
77,3,1744.76,Regular,2,3,4,234,0,2988,857.88,High
45,2,553.36,Regular,3,3,3,333,0,2989,268.28000000000003,High
178,1,1109.53,At Risk,2,1,4,214,0,2990,519.4649999999999,High
372,1,106.2,Lost,1,1,1,111,1,2991,-21.000000000000007,Low
93,2,982.07,Regular,2,3,4,234,0,2992,473.035,High
9,3,1043.41,Loyal,5,3,4,534,0,2993,520.8050000000001,High
104,1,735.67,Regular,2,1,3,213,0,2994,347.335,High
77,1,773.03,Regular,2,1,3,213,0,2995,371.415,High
172,1,880.85,At Risk,2,1,3,213,0,2996,406.32500000000005,High
6,32,9743.11,VIP,5,5,5,555,0,2997,4879.955000000001,High
212,4,895.61,Churn Likely,1,4,3,143,1,2998,406.605,High
21,5,504.8,VIP,4,4,3,443,0,2999,249.70000000000002,High
256,1,88.2,Churn Likely,1,1,1,111,1,3000,-6.800000000000004,Low
281,1,306.94,Churn Likely,1,1,2,112,1,3001,97.57000000000001,High
20,2,1160.07,Regular,4,3,4,434,0,3002,576.635,High
9,6,2420.84,VIP,5,5,5,555,0,3003,1210.42,High
307,1,381.32,Churn Likely,1,1,2,112,1,3004,129.56,High
67,1,480.71,Regular,3,1,2,312,0,3005,227.255,High
214,2,457.81,Churn Likely,1,3,2,132,1,3006,186.70499999999998,High
17,6,4597.02,VIP,4,5,5,455,0,3007,2296.9100000000003,High
103,4,1370.6,Regular,2,4,4,244,0,3008,665.9,High
42,1,219.39000000000001,Regular,3,1,1,311,0,3009,101.595,High
3,1,248.08,Regular,5,1,1,511,0,3010,123.74000000000001,High
181,3,39916.5,Churn Likely,1,3,5,135,1,3011,19922.95,High
83,1,410.48,Regular,2,1,2,212,0,3012,188.94000000000003,High
333,3,876.0,Churn Likely,1,3,3,133,1,3013,372.29999999999995,High
8,2,317.53,Regular,5,3,2,532,0,3014,157.765,High
30,2,703.36,Regular,4,3,3,433,0,3015,346.28000000000003,High
196,2,993.54,Churn Likely,1,3,4,134,1,3016,458.17,High
17,7,2298.93,VIP,4,5,5,455,0,3017,1148.1649999999997,High
17,5,1422.52,VIP,4,4,4,444,0,3018,709.36,High
310,6,319.5,Churn Likely,1,5,2,152,1,3019,99.55000000000001,High
141,4,1300.25,At Risk,2,4,4,244,0,3020,623.125,High
245,1,484.95,Churn Likely,1,1,2,112,1,3021,193.775,High
23,4,996.1,Loyal,4,4,4,444,0,3022,494.65,High
28,3,1567.48,Loyal,4,3,4,434,0,3023,779.04,High
9,3,3509.43,Loyal,5,3,5,535,0,3024,1753.815,High
29,10,2760.56,VIP,4,5,5,455,0,3025,1377.48,High
17,1,340.11,Regular,4,1,2,412,0,3026,166.955,High
17,4,1352.75,Loyal,4,4,4,444,0,3027,674.1750000000001,High
14,5,1551.78,VIP,4,4,4,444,0,3028,774.59,High
133,1,244.8,At Risk,2,1,1,211,0,3029,96.1,High
245,1,266.4,Churn Likely,1,1,2,112,1,3030,84.5,High
133,1,358.82,At Risk,2,1,2,212,0,3031,153.11,High
49,2,457.72,Regular,3,3,2,332,0,3032,219.66,High
113,3,1633.78,Regular,2,3,4,234,0,3033,795.1899999999999,High
6,2,2199.31,Regular,5,3,5,535,0,3034,1099.0549999999998,High
22,2,184.19,Regular,4,3,1,431,0,3035,88.29499999999999,High
24,15,11528.48,VIP,4,5,5,455,0,3036,5763.94,High
65,1,406.53,Regular,3,1,2,312,0,3037,190.565,High
59,4,1471.0,Loyal,3,4,4,344,0,3038,724.9000000000001,High
49,11,3447.4,Loyal,3,5,5,355,0,3039,1717.2,High
169,1,330.11,At Risk,2,1,2,212,0,3040,131.555,High
17,5,977.9300000000001,VIP,4,4,4,444,0,3041,487.06500000000005,High
127,3,982.42,At Risk,2,3,4,234,0,3042,466.71,High
14,8,1387.99,VIP,4,5,4,454,0,3043,693.595,High
238,1,139.05,Churn Likely,1,1,1,111,1,3044,22.225,Low
2,4,1286.7,Loyal,5,4,4,544,0,3045,644.1500000000001,High
239,2,178.96,Churn Likely,1,3,1,131,1,3046,42.279999999999994,Medium
51,7,2354.25,Loyal,3,5,5,355,0,3047,1169.0249999999999,High
45,1,498.74,Regular,3,1,3,313,0,3048,240.67000000000002,High
225,1,259.45,Churn Likely,1,1,2,112,1,3049,85.025,High
7,17,6580.44,VIP,5,5,5,555,0,3050,3293.9199999999996,High
3,4,1194.73,Loyal,5,4,4,544,0,3051,597.965,High
164,2,1327.16,At Risk,2,3,4,234,0,3052,631.3800000000001,High
239,1,623.5,Churn Likely,1,1,3,113,1,3053,264.25,High
10,1,301.29,Regular,5,1,2,512,0,3054,148.94500000000002,High
133,1,520.8000000000001,At Risk,2,1,3,213,0,3055,234.10000000000005,High
16,10,5291.33,VIP,4,5,5,455,0,3056,2645.465,High
9,13,4745.69,VIP,5,5,5,555,0,3057,2374.9449999999997,High
30,1,329.25,Regular,4,1,2,412,0,3058,158.925,High
74,1,254.28,Regular,2,1,2,212,0,3059,112.64,High
0,3,961.49,Loyal,5,3,4,534,0,3060,481.645,High
3,3,1936.07,Loyal,5,3,4,534,0,3061,968.3349999999999,High
44,1,401.40000000000003,Regular,3,1,2,312,0,3062,192.20000000000002,High
1,30,18641.010000000002,VIP,5,5,5,555,0,3063,9329.305,High
356,1,158.16,Churn Likely,1,1,1,111,1,3064,8.179999999999993,Low
17,2,304.47,Regular,4,3,2,432,0,3065,149.435,High
68,3,824.58,Regular,3,3,3,333,0,3066,399.59,High
372,1,487.75,Lost,1,1,3,113,1,3067,169.775,High
320,1,158.8,Churn Likely,1,1,1,111,1,3068,15.700000000000003,Low
25,1,106.56,Regular,4,1,1,411,0,3069,48.58,Medium
330,1,1289.5,Churn Likely,1,1,4,114,1,3070,579.05,High
8,5,1624.05,VIP,5,4,4,544,0,3071,811.925,High
322,1,135.75,Churn Likely,1,1,1,111,1,3072,3.7749999999999915,Low
71,1,224.14,Regular,3,1,1,311,0,3073,98.16999999999999,High
259,1,40.5,Churn Likely,1,1,1,111,1,3074,-31.250000000000004,Low
17,5,2206.95,VIP,4,4,5,445,0,3075,1101.5749999999998,High
366,1,87.5,Lost,1,1,1,111,1,3076,-29.150000000000006,Low
65,3,689.4799999999999,Regular,3,3,3,333,0,3077,332.63999999999993,High
153,2,622.85,At Risk,2,3,3,233,0,3078,281.425,High
28,2,402.2,Regular,4,3,2,432,0,3079,196.1,High
69,1,310.62,Regular,3,1,2,312,0,3080,141.81,High
13,2,411.41,Regular,4,3,2,432,0,3081,203.705,High
1,16,4777.18,VIP,5,5,5,555,0,3082,2393.1900000000005,High
0,41,16225.39,VIP,5,5,5,555,0,3083,8124.995,High
119,3,1044.32,Regular,2,3,4,234,0,3084,499.25999999999993,High
60,1,499.32,Regular,3,1,3,313,0,3085,237.96,High
2,15,7616.53,VIP,5,5,5,555,0,3086,3812.365,High
2,1,3861.0,Regular,5,1,5,515,0,3087,1930.3999999999999,High
10,3,1079.6100000000001,Loyal,5,3,4,534,0,3088,538.705,High
91,2,193.64,Regular,2,3,1,231,0,3089,79.21999999999998,High
58,4,1268.7,Loyal,3,4,4,344,0,3090,623.95,High
86,5,1236.54,Regular,2,4,4,244,0,3091,602.5699999999999,High
25,6,1827.8,VIP,4,5,4,454,0,3092,910.6999999999999,High
356,1,316.58,Churn Likely,1,1,2,112,1,3093,87.39,High
84,2,653.24,Regular,2,3,3,233,0,3094,310.42,High
9,4,420.29999999999995,Loyal,5,4,2,542,0,3095,209.54999999999995,High
0,5,870.12,VIP,5,4,3,543,0,3096,436.56,High
224,1,331.18,Churn Likely,1,1,2,112,1,3097,121.09,High
59,2,894.4100000000001,Regular,3,3,3,333,0,3098,436.00500000000005,High
240,1,101.8,Churn Likely,1,1,1,111,1,3099,3.1999999999999957,Low
318,2,328.35,Churn Likely,1,3,2,132,1,3100,101.17500000000001,High
1,8,1661.44,VIP,5,5,4,554,0,3101,832.92,High
46,3,734.94,Loyal,3,3,3,333,0,3102,359.17,High
87,1,96.6,Regular,2,1,1,211,0,3103,31.199999999999992,Low
10,11,5756.89,VIP,5,5,5,555,0,3104,2879.7450000000003,High
175,1,305.75,At Risk,2,1,2,212,0,3105,118.17500000000001,High
51,6,1778.96,Loyal,3,5,4,354,0,3106,881.0799999999999,High
365,1,403.25,Churn Likely,1,1,2,112,1,3107,128.925,High
318,1,585.0,Churn Likely,1,1,3,113,1,3108,229.20000000000002,High
225,2,755.75,Churn Likely,1,3,3,133,1,3109,333.475,High
357,2,322.08,Churn Likely,1,3,2,132,1,3110,90.23999999999998,High
233,1,409.40000000000003,Churn Likely,1,1,2,112,1,3111,158.40000000000003,High
310,1,154.41,Churn Likely,1,1,1,111,1,3112,15.504999999999995,Low
36,5,1219.4,Loyal,3,4,4,344,0,3113,604.0,High
65,4,3386.71,Regular,3,4,5,345,0,3114,1681.555,High
238,2,429.6,Churn Likely,1,3,2,132,1,3115,167.8,High
112,2,612.06,Regular,2,3,3,233,0,3116,284.23,High
276,1,197.0,Churn Likely,1,1,1,111,1,3117,43.599999999999994,Medium
217,12,2247.51,Churn Likely,1,5,5,155,1,3118,1083.955,High
298,1,321.05,Churn Likely,1,1,2,112,1,3119,101.22500000000002,High
1,4,1412.32,Loyal,5,4,4,544,0,3120,707.16,High
28,3,1071.99,Loyal,4,3,4,434,0,3121,531.295,High
9,2,780.59,Regular,5,3,3,533,0,3122,389.095,High
44,5,1706.57,Loyal,3,4,4,344,0,3123,845.985,High
66,8,1756.44,Regular,3,5,4,354,0,3124,867.42,High
73,1,316.68,Regular,2,1,2,212,0,3125,144.04000000000002,High
64,2,631.57,Regular,3,3,3,333,0,3126,303.58500000000004,High
133,3,2515.84,At Risk,2,3,5,235,0,3127,1232.2200000000003,High
237,2,514.15,Churn Likely,1,3,3,133,1,3128,210.275,High
121,1,356.0,At Risk,2,1,2,212,0,3129,154.10000000000002,High
31,13,6688.46,Loyal,4,5,5,455,0,3130,3341.9300000000003,High
8,11,10484.99,VIP,5,5,5,555,0,3131,5244.195,High
35,2,740.78,Regular,3,3,3,333,0,3132,363.99,High
15,5,918.1999999999999,VIP,4,4,3,443,0,3133,457.59999999999997,High
126,1,300.36,At Risk,2,1,2,212,0,3134,125.28000000000002,High
66,1,890.85,Regular,3,1,3,313,0,3135,432.52500000000003,High
148,1,98.45,At Risk,2,1,1,211,0,3136,19.924999999999997,Low
282,1,317.15,Churn Likely,1,1,2,112,1,3137,102.475,High
168,2,623.16,At Risk,2,3,3,233,0,3138,278.58,High
99,7,1810.77,Regular,2,5,4,254,0,3139,887.6850000000001,High
134,1,254.82,At Risk,2,1,2,212,0,3140,100.91,High
323,1,178.95000000000002,Churn Likely,1,1,1,111,1,3141,25.174999999999997,Low
106,1,156.51,Regular,2,1,1,211,0,3142,57.35499999999999,Medium
63,1,393.74,Regular,3,1,2,312,0,3143,184.57000000000002,High
150,2,1506.1200000000001,At Risk,2,3,4,234,0,3144,723.6600000000001,High
337,1,119.3,Churn Likely,1,1,1,111,1,3145,-7.45000000000001,Low
21,5,1717.36,VIP,4,4,4,444,0,3146,855.9799999999999,High
23,1,408.8,Regular,4,1,2,412,0,3147,200.10000000000002,High
15,7,2379.49,VIP,4,5,5,455,0,3148,1188.8449999999998,High
6,15,2493.34,VIP,5,5,5,555,0,3149,1249.97,High
56,2,721.94,Regular,3,3,3,333,0,3150,350.37000000000006,High
3,2,716.57,Regular,5,3,3,533,0,3151,358.285,High
37,1,615.14,Regular,3,1,3,313,0,3152,300.47,High
65,1,128.63,Regular,3,1,1,311,0,3153,51.614999999999995,Medium
46,1,255.89999999999998,Regular,3,1,2,312,0,3154,119.05,High
354,1,290.51,Churn Likely,1,1,2,112,1,3155,74.75500000000001,High
171,1,113.12,At Risk,2,1,1,211,0,3156,22.659999999999997,Low
58,9,2332.15,Loyal,3,5,5,355,0,3157,1157.1750000000002,High
49,1,240.55,Regular,3,1,1,311,0,3158,110.775,High
21,2,486.69,Regular,4,3,2,432,0,3159,239.745,High
42,5,2306.52,Loyal,3,4,5,345,0,3160,1146.36,High
28,3,939.78,Loyal,4,3,4,434,0,3161,465.18999999999994,High
4,18,7943.22,VIP,5,5,5,555,0,3162,3976.21,High
25,15,4668.3,VIP,4,5,5,455,0,3163,2333.65,High
200,1,178.39,Churn Likely,1,1,1,111,1,3164,49.49499999999999,Medium
50,6,3672.86,Loyal,3,5,5,355,0,3165,1828.23,High
9,3,641.94,Loyal,5,3,3,533,0,3166,320.07,High
1,12,4799.9,VIP,5,5,5,555,0,3167,2403.35,High
66,7,4507.01,Regular,3,5,5,355,0,3168,2242.405,High
63,1,496.44,Regular,3,1,3,313,0,3169,235.92000000000002,High
50,12,5049.95,Loyal,3,5,5,355,0,3170,2518.575,High
289,1,574.02,Churn Likely,1,1,3,113,1,3171,229.51,High
60,8,694.4000000000001,Loyal,3,5,3,353,0,3172,337.6,High
63,3,1174.35,Regular,3,3,4,334,0,3173,575.4749999999999,High
95,1,205.3,Regular,2,1,1,211,0,3174,83.95,High
273,1,310.47,Churn Likely,1,1,2,112,1,3175,100.93500000000003,High
0,91,60632.75,VIP,5,5,5,555,0,3176,30343.675,High
74,4,924.85,Regular,2,4,3,243,0,3177,448.825,High
109,1,52.0,Regular,2,1,1,211,0,3178,4.5,Low
198,1,327.97,Churn Likely,1,1,2,112,1,3179,124.68500000000003,High
63,2,570.5,Regular,3,3,3,333,0,3180,273.25,High
326,1,165.0,Churn Likely,1,1,1,111,1,3181,17.599999999999994,Low
3,1,312.62,Regular,5,1,2,512,0,3182,156.01000000000002,High
283,1,204.5,Churn Likely,1,1,1,111,1,3183,45.949999999999996,Medium
43,1,267.13,Regular,3,1,2,312,0,3184,125.26500000000001,High
70,3,2748.31,Regular,3,3,5,335,0,3185,1361.055,High
85,1,679.68,Regular,2,1,3,213,0,3186,323.14,High
103,1,161.74,Regular,2,1,1,211,0,3187,60.57,Medium
333,1,311.71,Churn Likely,1,1,2,112,1,3188,89.55499999999999,High
52,1,208.75,Regular,3,1,1,311,0,3189,94.27499999999999,High
38,3,1049.7,Loyal,3,3,4,334,0,3190,518.15,High
31,2,714.96,Regular,4,3,3,433,0,3191,351.88000000000005,High
365,4,1661.06,Churn Likely,1,4,4,144,1,3192,758.73,High
207,1,1028.56,Churn Likely,1,1,4,114,1,3193,473.17999999999995,High
156,3,350.82,At Risk,2,3,2,232,0,3194,145.11,High
53,1,170.22,Regular,3,1,1,311,0,3195,74.81,High
65,2,574.07,Regular,3,3,3,333,0,3196,274.63500000000005,High
80,1,2020.52,Regular,2,1,4,214,0,3197,994.56,High
129,1,406.09,At Risk,2,1,2,212,0,3198,177.545,High
86,1,364.5,Regular,2,1,2,212,0,3199,165.35000000000002,High
0,3,563.94,Loyal,5,3,3,533,0,3200,282.87,High
45,1,393.54,Regular,3,1,2,312,0,3201,188.07000000000002,High
332,1,252.42000000000002,Churn Likely,1,1,2,112,1,3202,60.11,Medium
365,1,201.60000000000002,Churn Likely,1,1,1,111,1,3203,28.10000000000001,Low
71,1,158.04,Regular,3,1,1,311,0,3204,65.11999999999999,Medium
157,2,463.90999999999997,At Risk,2,3,2,232,0,3205,201.15499999999997,High
372,1,115.65,Lost,1,1,1,111,1,3206,-16.275000000000006,Low
11,7,1934.66,VIP,5,5,4,554,0,3207,967.23,High
254,2,770.12,Churn Likely,1,3,3,133,1,3208,334.86,High
28,2,277.05,Regular,4,3,2,432,0,3209,133.525,High
30,10,2718.03,VIP,4,5,5,455,0,3210,1356.015,High
4,22,8347.2,VIP,5,5,5,555,0,3211,4179.400000000001,High
39,1,427.93,Regular,3,1,2,312,0,3212,206.465,High
361,1,418.92,Churn Likely,1,1,2,112,1,3213,137.56,High
372,1,326.0,Lost,1,1,2,112,1,3214,88.9,High
95,2,913.19,Regular,2,3,3,233,0,3215,438.19500000000005,High
25,7,2314.32,VIP,4,5,5,455,0,3216,1154.26,High
74,2,602.51,Regular,2,3,3,233,0,3217,287.055,High
56,4,1877.59,Loyal,3,4,4,344,0,3218,928.795,High
20,1,446.94000000000005,Regular,4,1,2,412,0,3219,219.77000000000004,High
40,7,2386.05,Loyal,3,5,5,355,0,3220,1187.125,High
136,1,2007.3999999999999,At Risk,2,1,4,214,0,3221,976.7999999999998,High
7,12,2415.91,VIP,5,5,5,555,0,3222,1210.1549999999997,High
128,1,168.0,At Risk,2,1,1,211,0,3223,58.699999999999996,Medium
39,3,1221.56,Loyal,3,3,4,334,0,3224,603.88,High
168,7,3703.29,At Risk,2,5,5,255,0,3225,1820.145,High
8,5,1690.2600000000002,VIP,5,4,4,544,0,3226,845.0300000000001,High
213,2,596.85,Churn Likely,1,3,3,133,1,3227,256.425,High
14,6,5955.71,VIP,4,5,5,455,0,3228,2976.855,High
169,2,642.41,At Risk,2,3,3,233,0,3229,288.005,High
39,1,316.88,Regular,3,1,2,312,0,3230,150.94,High
185,1,394.14,Churn Likely,1,1,2,112,1,3231,160.37,High
269,1,140.54,Churn Likely,1,1,1,111,1,3232,16.76999999999999,Low
171,1,500.0,At Risk,2,1,3,213,0,3233,216.10000000000002,High
4,4,1535.53,Loyal,5,4,4,544,0,3234,768.1650000000001,High
15,2,231.86,Regular,4,3,1,431,0,3235,113.53,High
9,4,2183.54,Loyal,5,4,5,545,0,3236,1091.17,High
325,1,107.45,Churn Likely,1,1,1,111,1,3237,-10.975000000000001,Low
112,1,288.18,Regular,2,1,2,212,0,3238,121.99000000000001,High
289,1,94.0,Churn Likely,1,1,1,111,1,3239,-10.500000000000007,Low
15,2,1345.53,Regular,4,3,4,434,0,3240,670.365,High
0,3,815.77,Loyal,5,3,3,533,0,3241,408.78499999999997,High
91,5,716.2,Regular,2,4,3,243,0,3242,341.40000000000003,High
148,2,626.77,At Risk,2,3,3,233,0,3243,284.385,High
188,1,349.1,Churn Likely,1,1,2,112,1,3244,137.25000000000003,High
30,2,510.71000000000004,Regular,4,3,3,433,0,3245,249.955,High
33,4,1046.74,Loyal,3,4,4,344,0,3246,517.97,High
263,1,267.18,Churn Likely,1,1,2,112,1,3247,81.29000000000002,High
83,8,3450.84,Regular,2,5,5,255,0,3248,1711.2200000000003,High
25,4,1348.93,Loyal,4,4,4,444,0,3249,670.6650000000001,High
170,1,190.53,At Risk,2,1,1,211,0,3250,61.565,Medium
9,3,774.9000000000001,Loyal,5,3,3,533,0,3251,386.55,High
312,1,559.61,Churn Likely,1,1,3,113,1,3252,217.705,High
64,4,3984.32,Regular,3,4,5,345,0,3253,1980.5600000000002,High
84,1,508.8,Regular,2,1,3,213,0,3254,237.9,High
24,1,135.86,Regular,4,1,1,411,0,3255,63.43000000000001,Medium
58,4,950.36,Loyal,3,4,4,344,0,3256,464.78,High
322,2,97.7,Churn Likely,1,3,1,131,1,3257,-14.950000000000003,Low
37,1,43.5,Regular,3,1,1,311,0,3258,14.65,Low
253,2,383.34,Churn Likely,1,3,2,132,1,3259,141.67,High
18,5,1404.07,VIP,4,4,4,444,0,3260,699.935,High
32,3,1430.54,Loyal,4,3,4,434,0,3261,709.77,High
14,1,93.78,Regular,4,1,1,411,0,3262,44.39,Medium
26,2,397.35,Regular,4,3,2,432,0,3263,194.07500000000002,High
22,1,171.19,Regular,4,1,1,411,0,3264,81.49499999999999,High
213,2,533.3,Churn Likely,1,3,3,133,1,3265,224.65,High
7,5,1041.48,VIP,5,4,4,544,0,3266,520.84,High
21,1,149.29,Regular,4,1,1,411,0,3267,70.74499999999999,High
11,3,1067.75,Loyal,5,3,4,534,0,3268,532.5749999999999,High
261,1,200.16,Churn Likely,1,1,1,111,1,3269,48.17999999999999,Medium
130,1,156.57999999999998,At Risk,2,1,1,211,0,3270,52.58999999999999,Medium
54,3,383.68,Loyal,3,3,2,332,0,3271,181.94,High
248,1,594.0,Churn Likely,1,1,3,113,1,3272,247.70000000000002,High
1,7,3213.59,VIP,5,5,5,555,0,3273,1608.695,High
8,2,1411.21,Regular,5,3,4,534,0,3274,704.605,High
263,1,113.5,Churn Likely,1,1,1,111,1,3275,4.449999999999996,Low
330,1,155.17,Churn Likely,1,1,1,111,1,3276,11.884999999999991,Low
312,1,494.64,Churn Likely,1,1,3,113,1,3277,185.22,High
25,3,974.52,Loyal,4,3,4,434,0,3278,483.15999999999997,High
29,1,429.84,Regular,4,1,2,412,0,3279,209.42,High
29,3,528.48,Loyal,4,3,3,433,0,3280,259.34,High
1,7,1371.77,VIP,5,5,4,554,0,3281,687.785,High
361,1,179.1,Churn Likely,1,1,1,111,1,3282,17.64999999999999,Low
282,3,434.59000000000003,Churn Likely,1,3,2,132,1,3283,161.79500000000002,High
261,1,237.07,Churn Likely,1,1,1,111,1,3284,66.63499999999999,Medium
24,1,161.64,Regular,4,1,1,411,0,3285,76.32,High
353,1,214.26,Churn Likely,1,1,1,111,1,3286,36.829999999999984,Low
93,3,234.6,Regular,2,3,1,231,0,3287,99.6,High
28,1,126.14,Regular,4,1,1,411,0,3288,57.769999999999996,Medium
337,1,1044.65,Churn Likely,1,1,4,114,1,3289,455.225,High
19,18,7354.62,VIP,4,5,5,455,0,3290,3678.91,High
84,1,334.53,Regular,2,1,2,212,0,3291,150.765,High
8,3,524.88,Loyal,5,3,3,533,0,3292,261.73999999999995,High
50,2,467.51,Regular,3,3,2,332,0,3293,224.355,High
49,2,538.55,Regular,3,3,3,333,0,3294,260.075,High
1,1,454.48,Regular,5,1,2,512,0,3295,227.34000000000003,High
112,1,371.56,Regular,2,1,2,212,0,3296,163.68,High
13,7,1771.2,VIP,4,5,4,454,0,3297,885.1,High
76,1,454.10999999999996,Regular,2,1,2,212,0,3298,212.155,High
39,2,1399.92,Regular,3,3,4,334,0,3299,692.7600000000001,High
115,1,905.5,Regular,2,1,3,213,0,3300,430.05,High
15,12,10879.76,VIP,4,5,5,455,0,3301,5440.4800000000005,High
160,4,225.26,At Risk,2,4,1,241,0,3302,81.83,High
0,4,3590.41,Loyal,5,4,5,545,0,3303,1796.405,High
29,3,2564.5,Loyal,4,3,5,435,0,3304,1277.3500000000001,High
92,1,91.32000000000001,Regular,2,1,1,211,0,3305,27.56,Low
22,3,1134.28,Loyal,4,3,4,434,0,3306,563.64,High
94,6,3100.09,Regular,2,5,5,255,0,3307,1533.045,High
27,2,659.4599999999999,Regular,4,3,3,433,0,3308,324.93,High
32,5,1953.41,Loyal,4,4,4,444,0,3309,971.8050000000001,High
20,2,1280.58,Regular,4,3,4,434,0,3310,636.89,High
17,2,1262.2,Regular,4,3,4,434,0,3311,628.3000000000001,High
2,27,13316.4,VIP,5,5,5,555,0,3312,6665.900000000001,High
7,4,1131.56,Loyal,5,4,4,544,0,3313,565.58,High
15,12,10384.93,VIP,4,5,5,455,0,3314,5193.0650000000005,High
362,1,141.04,Churn Likely,1,1,1,111,1,3315,-1.5800000000000125,Low
80,1,52.83,Regular,2,1,1,211,0,3316,10.715,Low
52,5,3610.96,Loyal,3,4,5,345,0,3317,1796.58,High
22,3,972.08,Loyal,4,3,4,434,0,3318,482.54,High
171,1,475.86,At Risk,2,1,2,212,0,3319,204.03000000000003,High
188,6,1000.27,Churn Likely,1,5,4,154,1,3320,464.335,High
330,1,250.0,Churn Likely,1,1,2,112,1,3321,59.3,Medium
11,5,900.53,VIP,5,4,3,543,0,3322,449.565,High
155,2,121.0,At Risk,2,3,1,231,0,3323,30.1,Low
32,19,14758.220000000001,Loyal,4,5,5,455,0,3324,7378.410000000001,High
11,11,4023.7200000000003,VIP,5,5,5,555,0,3325,2012.96,High
44,3,62.43,Loyal,3,3,1,331,0,3326,23.315,Low
232,1,267.03,Churn Likely,1,1,2,112,1,3327,87.41499999999999,High
63,8,1921.55,Regular,3,5,4,354,0,3328,950.5749999999999,High
1,1,343.5,Regular,5,1,2,512,0,3329,171.85000000000002,High
39,8,3000.2,Loyal,3,5,5,355,0,3330,1494.7,High
32,2,397.99,Regular,4,3,2,432,0,3331,193.195,High
83,1,412.01000000000005,Regular,2,1,2,212,0,3332,189.70500000000004,High
24,1,440.0,Regular,4,1,2,412,0,3333,215.5,High
1,3,734.37,Loyal,5,3,3,533,0,3334,367.885,High
32,2,148.44,Regular,4,3,1,431,0,3335,68.41999999999999,Medium
18,8,2428.53,VIP,4,5,5,455,0,3336,1213.0650000000003,High
253,1,229.33,Churn Likely,1,1,1,111,1,3337,64.36500000000001,Medium
22,11,3962.6,VIP,4,5,5,455,0,3338,1980.1999999999998,High
21,4,1497.31,Loyal,4,4,4,444,0,3339,745.655,High
7,2,1972.39,Regular,5,3,4,534,0,3340,985.3950000000001,High
24,4,1564.73,Loyal,4,4,4,444,0,3341,778.7650000000001,High
18,3,807.57,Loyal,4,3,3,433,0,3342,401.085,High
172,4,502.9,At Risk,2,4,3,243,0,3343,218.24999999999997,High
162,1,110.92,At Risk,2,1,1,211,0,3344,23.36,Low
6,1,538.46,Regular,5,1,3,513,0,3345,268.33000000000004,High
10,1,213.3,Regular,5,1,1,511,0,3346,104.95,High
113,1,85.13000000000001,Regular,2,1,1,211,0,3347,20.265,Low
287,1,127.86,Churn Likely,1,1,1,111,1,3348,6.829999999999998,Low
8,9,3546.71,VIP,5,5,5,555,0,3349,1774.4550000000002,High
53,2,288.96999999999997,Regular,3,3,2,332,0,3350,134.48499999999999,High
6,14,4910.6,VIP,5,5,5,555,0,3351,2458.3,High
76,3,1681.46,Regular,2,3,4,234,0,3352,826.43,High
3,4,575.63,Loyal,5,4,3,543,0,3353,288.41499999999996,High
36,1,436.06,Regular,3,1,2,312,0,3354,211.13000000000002,High
216,1,90.12,Churn Likely,1,1,1,111,1,3355,2.1599999999999966,Low
59,1,428.93,Regular,3,1,2,312,0,3356,202.965,High
277,1,217.2,Churn Likely,1,1,1,111,1,3357,53.499999999999986,Medium
11,16,4794.86,VIP,5,5,5,555,0,3358,2400.03,High
23,1,279.77,Regular,4,1,2,412,0,3359,135.585,High
28,1,468.91,Regular,4,1,2,412,0,3360,229.15500000000003,High
11,4,800.59,Loyal,5,4,3,543,0,3361,399.295,High
351,1,134.55,Churn Likely,1,1,1,111,1,3362,-2.625,Low
21,4,1400.44,Loyal,4,4,4,444,0,3363,697.22,High
49,2,173.16,Regular,3,3,1,331,0,3364,77.38,High
18,1,186.01,Regular,4,1,1,411,0,3365,89.705,High
2,3,758.29,Loyal,5,3,3,533,0,3366,379.645,High
103,5,1375.71,Regular,2,4,4,244,0,3367,668.755,High
6,12,4148.82,VIP,5,5,5,555,0,3368,2076.81,High
11,4,650.4300000000001,Loyal,5,4,3,543,0,3369,324.21500000000003,High
4,7,2533.42,VIP,5,5,5,555,0,3370,1268.01,High
31,2,591.1899999999999,Regular,4,3,3,433,0,3371,289.995,High
177,4,675.64,At Risk,2,4,3,243,0,3372,303.62,High
37,1,921.37,Regular,3,1,3,313,0,3373,453.58500000000004,High
150,3,258.88,At Risk,2,3,2,232,0,3374,100.34,High
161,1,127.1,At Risk,2,1,1,211,0,3375,31.64999999999999,Low
68,2,327.6,Regular,3,3,2,332,0,3376,150.8,High
120,13,3675.77,Regular,2,5,5,255,0,3377,1817.785,High
24,3,682.9100000000001,Loyal,4,3,3,433,0,3378,337.555,High
23,4,720.86,Loyal,4,4,3,443,0,3379,357.03,High
176,1,455.3,At Risk,2,1,2,212,0,3380,192.75,High
49,4,913.6800000000001,Loyal,3,4,3,343,0,3381,448.24,High
255,3,478.53000000000003,Churn Likely,1,3,2,132,1,3382,189.16500000000002,High
46,1,388.58,Regular,3,1,2,312,0,3383,185.39000000000001,High
70,1,199.8,Regular,3,1,1,311,0,3384,86.2,High
15,5,1771.78,VIP,4,4,4,444,0,3385,884.39,High
100,5,1406.59,Regular,2,4,4,244,0,3386,684.795,High
34,1,324.57,Regular,3,1,2,312,0,3387,155.785,High
52,1,240.68,Regular,3,1,1,311,0,3388,110.24,High
26,2,761.74,Regular,4,3,3,433,0,3389,376.27000000000004,High
10,14,6776.56,VIP,5,5,5,555,0,3390,3390.48,High
7,9,1297.8700000000001,VIP,5,5,4,554,0,3391,650.2350000000001,High
78,1,48.480000000000004,Regular,2,1,1,211,0,3392,8.940000000000001,Low
51,1,216.39,Regular,3,1,1,311,0,3393,98.29499999999999,High
35,5,1198.23,Loyal,3,4,4,344,0,3394,593.615,High
60,9,2920.16,Loyal,3,5,5,355,0,3395,1450.78,High
336,1,104.76,Churn Likely,1,1,1,111,1,3396,-14.520000000000003,Low
27,4,1093.68,Loyal,4,4,4,444,0,3397,542.6400000000001,High
183,1,298.48,Churn Likely,1,1,2,112,1,3398,112.94000000000003,High
51,1,112.46000000000001,Regular,3,1,1,311,0,3399,46.33,Medium
9,13,1591.45,VIP,5,5,4,554,0,3400,797.825,High
35,2,195.15,Regular,3,3,1,331,0,3401,91.175,High
9,23,10399.74,VIP,5,5,5,555,0,3402,5204.969999999999,High
32,4,776.851,Loyal,4,4,3,443,0,3403,383.2255,High
10,1,336.40000000000003,Regular,5,1,2,512,0,3404,166.50000000000003,High
56,3,1553.18,Loyal,3,3,4,334,0,3405,766.29,High
3,4,1293.03,Loyal,5,4,4,544,0,3406,647.115,High
42,9,3709.56,Loyal,3,5,5,355,0,3407,1849.08,High
140,1,301.03,At Risk,2,1,2,212,0,3408,122.815,High
116,4,588.13,Regular,2,4,3,243,0,3409,272.065,High
103,4,1534.26,Regular,2,4,4,244,0,3410,747.73,High
74,2,675.8,Regular,2,3,3,233,0,3411,323.7,High
4,9,2870.2400000000002,VIP,5,5,5,555,0,3412,1437.0200000000002,High
44,2,1186.35,Regular,3,3,4,334,0,3413,584.975,High
15,8,3285.31,VIP,4,5,5,455,0,3414,1642.055,High
16,1,243.55,Regular,4,1,1,411,0,3415,118.875,High
89,2,724.76,Regular,2,3,3,233,0,3416,345.18,High
52,1,223.36,Regular,3,1,1,311,0,3417,101.58,High
133,1,425.32,At Risk,2,1,2,212,0,3418,186.36,High
3,15,12416.11,VIP,5,5,5,555,0,3419,6211.955,High
104,4,1887.2,Regular,2,4,4,244,0,3420,924.0000000000001,High
191,3,664.0,Churn Likely,1,3,3,133,1,3421,294.7,High
165,4,803.54,At Risk,2,4,3,243,0,3422,369.96999999999997,High
18,1,612.01,Regular,4,1,3,413,0,3423,302.705,High
157,3,447.64000000000004,At Risk,2,3,2,232,0,3424,193.32000000000002,High
203,2,639.5,Churn Likely,1,3,3,133,1,3425,279.75,High
335,2,816.0,Churn Likely,1,3,3,133,1,3426,341.6,High
36,3,646.3,Loyal,3,3,3,333,0,3427,316.84999999999997,High
90,1,337.74,Regular,2,1,2,212,0,3428,151.17000000000002,High
92,2,877.4399999999999,Regular,2,3,3,233,0,3429,420.92,High
8,2,922.53,Regular,5,3,3,533,0,3430,460.265,High
242,1,560.67,Churn Likely,1,1,3,113,1,3431,232.23499999999999,High
44,4,748.5,Loyal,3,4,3,343,0,3432,366.65,High
22,1,30.0,Regular,4,1,1,411,0,3433,10.9,Low
189,5,1024.1000000000001,Churn Likely,1,4,4,144,1,3434,475.75000000000006,High
43,1,306.45,Regular,3,1,2,312,0,3435,144.925,High
24,9,1600.86,VIP,4,5,4,454,0,3436,798.33,High
316,2,309.8,Churn Likely,1,3,2,132,1,3437,92.3,High
105,1,138.14,Regular,2,1,1,211,0,3438,48.36999999999999,Medium
50,1,386.43,Regular,3,1,2,312,0,3439,183.51500000000001,High
167,2,2222.21,At Risk,2,3,5,235,0,3440,1078.3049999999998,High
39,1,301.32,Regular,3,1,2,312,0,3441,143.16,High
217,1,76.32000000000001,Churn Likely,1,1,1,111,1,3442,-4.940000000000005,Low
39,4,684.34,Loyal,3,4,3,343,0,3443,335.57,High
296,1,173.05,Churn Likely,1,1,1,111,1,3444,27.625,Low
18,7,2657.13,VIP,4,5,5,455,0,3445,1327.065,High
87,4,2726.23,Regular,2,4,5,245,0,3446,1346.915,High
72,5,2446.6,Regular,2,4,5,245,0,3447,1210.3999999999999,High
80,3,323.69,Regular,2,3,2,232,0,3448,146.745,High
18,3,3435.76,Loyal,4,3,5,435,0,3449,1715.1800000000003,High
48,1,657.23,Regular,3,1,3,313,0,3450,319.315,High
52,1,352.7,Regular,3,1,2,312,0,3451,166.25,High
23,4,781.28,Loyal,4,4,3,443,0,3452,387.23999999999995,High
8,3,1333.68,Loyal,5,3,4,534,0,3453,666.14,High
24,5,1426.16,VIP,4,4,4,444,0,3454,709.7800000000001,High
116,1,193.75,Regular,2,1,1,211,0,3455,73.975,High
8,9,2993.1,VIP,5,5,5,555,0,3456,1497.65,High
119,2,254.1,Regular,2,3,2,232,0,3457,103.85,High
3,2,239.76,Regular,5,3,1,531,0,3458,119.88,High
251,1,136.8,Churn Likely,1,1,1,111,1,3459,18.5,Low
27,1,191.04,Regular,4,1,1,411,0,3460,90.41999999999999,High
0,14,6479.4,VIP,5,5,5,555,0,3461,3243.8999999999996,High
266,2,409.98,Churn Likely,1,3,2,132,1,3462,152.39,High
32,8,2711.11,Loyal,4,5,5,455,0,3463,1351.555,High
17,1,309.65,Regular,4,1,2,412,0,3464,151.725,High
171,2,696.68,At Risk,2,3,3,233,0,3465,314.74,High
1,4,1529.0,Loyal,5,4,4,544,0,3466,765.5,High
264,1,211.5,Churn Likely,1,1,1,111,1,3467,53.24999999999999,Medium
139,4,2293.62,At Risk,2,4,5,245,0,3468,1120.21,High
200,1,143.1,Churn Likely,1,1,1,111,1,3469,31.849999999999994,Low
63,4,1060.56,Regular,3,4,4,344,0,3470,518.88,High
34,4,916.98,Loyal,3,4,3,343,0,3471,452.89,High
40,7,3235.25,Loyal,3,5,5,355,0,3472,1611.725,High
283,1,133.25,Churn Likely,1,1,1,111,1,3473,10.324999999999996,Low
8,5,1072.3600000000001,VIP,5,4,4,544,0,3474,536.08,High
142,2,356.7,At Risk,2,3,2,232,0,3475,150.54999999999998,High
11,2,330.03000000000003,Regular,5,3,2,532,0,3476,163.41500000000002,High
145,4,1101.1100000000001,At Risk,2,4,4,244,0,3477,522.7550000000001,High
233,1,150.3,Churn Likely,1,1,1,111,1,3478,28.85,Low
32,13,5030.07,Loyal,4,5,5,455,0,3479,2512.535,High
23,1,598.73,Regular,4,1,3,413,0,3480,295.065,High
11,1,471.40000000000003,Regular,5,1,2,512,0,3481,233.80000000000004,High
35,5,2211.21,Loyal,3,4,5,345,0,3482,1100.105,High
364,1,190.7,Churn Likely,1,1,1,111,1,3483,22.849999999999994,Low
200,2,218.25,Churn Likely,1,3,1,131,1,3484,69.725,Medium
14,1,415.25,Regular,4,1,2,412,0,3485,205.125,High
16,7,5159.06,VIP,4,5,5,455,0,3486,2578.4300000000003,High
212,1,85.0,Churn Likely,1,1,1,111,1,3487,0.3999999999999915,Low
65,3,1120.88,Regular,3,3,4,334,0,3488,548.34,High
211,2,294.12,Churn Likely,1,3,2,132,1,3489,105.46,High
282,1,162.3,Churn Likely,1,1,1,111,1,3490,25.049999999999997,Low
114,2,1339.45,Regular,2,3,4,234,0,3491,647.5250000000001,High
14,8,1188.1200000000001,VIP,4,5,4,454,0,3492,593.6600000000001,High
18,16,4812.42,VIP,4,5,5,455,0,3493,2407.4100000000003,High
65,1,449.12,Regular,3,1,2,312,0,3494,211.86,High
48,1,154.88,Regular,3,1,1,311,0,3495,68.13999999999999,Medium
15,4,775.96,Loyal,4,4,3,443,0,3496,386.18,High
77,1,34.8,Regular,2,1,1,211,0,3497,2.299999999999999,Low
18,4,1094.59,Loyal,4,4,4,444,0,3498,544.895,High
133,1,196.88,At Risk,2,1,1,211,0,3499,72.13999999999999,High
12,3,946.64,Loyal,5,3,4,534,0,3500,471.82,High
39,1,144.36,Regular,3,1,1,311,0,3501,64.68,Medium
234,3,44534.3,Churn Likely,1,3,5,135,1,3502,22221.250000000004,High
2,8,2463.05,VIP,5,5,5,555,0,3503,1233.525,High
39,7,2626.6,Loyal,3,5,5,355,0,3504,1307.6,High
304,1,79.2,Churn Likely,1,1,1,111,1,3505,-20.900000000000006,Low
50,3,458.57,Loyal,3,3,2,332,0,3506,220.185,High
9,6,2364.25,VIP,5,5,5,555,0,3507,1182.125,High
60,4,528.01,Loyal,3,4,3,343,0,3508,253.20499999999998,High
65,2,714.42,Regular,3,3,3,333,0,3509,344.81,High
24,1,205.25,Regular,4,2,1,421,0,3510,98.125,High
217,3,253.04,Churn Likely,1,3,2,132,1,3511,84.02,High
64,2,583.75,Regular,3,3,3,333,0,3512,279.675,High
31,2,1086.92,Regular,4,3,4,434,0,3513,537.86,High
87,6,3279.97,Regular,2,5,5,255,0,3514,1624.3849999999998,High
63,1,315.06,Regular,3,2,2,322,0,3515,145.23000000000002,High
115,3,621.8299999999999,Regular,2,4,3,243,0,3516,288.81499999999994,High
6,26,56252.72,VIP,5,5,5,555,0,3517,28132.96,High
5,1,635.6800000000001,Regular,5,2,3,523,0,3518,317.14000000000004,High
68,1,270.8,Regular,3,2,2,322,0,3519,122.10000000000002,High
244,1,104.9,Churn Likely,1,2,1,121,1,3520,3.9499999999999957,Low
132,1,241.62,At Risk,2,2,1,221,0,3521,94.71,High
240,4,1047.11,Churn Likely,1,4,4,144,1,3522,476.755,High
183,3,475.28000000000003,Churn Likely,1,4,2,142,1,3523,201.94000000000003,High
24,3,345.46,Loyal,4,4,2,442,0,3524,168.82999999999998,High
9,3,2614.7400000000002,Loyal,5,4,5,545,0,3525,1306.4700000000003,High
10,1,246.3,Regular,5,2,1,521,0,3526,121.45,High
32,5,2328.9700000000003,Loyal,4,4,5,445,0,3527,1159.585,High
45,3,4919.0,Loyal,3,4,5,345,0,3528,2451.4,High
25,3,933.26,Loyal,4,4,3,443,0,3529,462.53,High
357,1,351.3,Churn Likely,1,2,2,122,1,3530,104.55000000000001,High
9,1,218.75,Regular,5,2,1,521,0,3531,107.875,High
43,2,1612.69,Regular,3,3,4,334,0,3532,798.345,High
14,3,965.61,Loyal,4,4,4,444,0,3533,480.905,High
149,1,610.01,At Risk,2,2,3,223,0,3534,275.505,High
0,8,2708.61,VIP,5,5,5,555,0,3535,1356.7050000000002,High
112,4,2207.4,Regular,2,4,5,245,0,3536,1082.5,High
75,3,884.14,Regular,2,4,3,243,0,3537,427.96999999999997,High
106,2,696.89,Regular,2,3,3,233,0,3538,327.845,High
45,3,1063.95,Loyal,3,4,4,344,0,3539,523.875,High
142,1,451.42,At Risk,2,2,2,222,0,3540,197.61,High
50,1,415.82000000000005,Regular,3,2,2,322,0,3541,198.21000000000004,High
0,13,4206.39,VIP,5,5,5,555,0,3542,2107.0950000000003,High
22,17,5488.18,VIP,4,5,5,455,0,3543,2744.79,High
45,3,784.58,Loyal,3,4,3,343,0,3544,384.19,High
49,3,903.9,Loyal,3,4,3,343,0,3545,443.04999999999995,High
305,4,3651.27,Churn Likely,1,4,5,145,1,3546,1765.835,High
35,5,515.77,Loyal,3,4,3,343,0,3547,252.385,High
78,4,1391.98,Regular,2,4,4,244,0,3548,681.59,High
21,6,2218.62,VIP,4,5,5,455,0,3549,1106.9099999999999,High
106,5,1801.14,Regular,2,4,4,244,0,3550,880.87,High
207,2,1303.9099999999999,Churn Likely,1,3,4,134,1,3551,611.155,High
16,4,1945.33,Loyal,4,4,4,444,0,3552,970.665,High
63,5,2100.6,Regular,3,4,5,345,0,3553,1039.2,High
48,4,1905.45,Loyal,3,4,4,344,0,3554,944.325,High
319,1,206.98,Churn Likely,1,2,1,121,1,3555,39.98999999999999,Low
43,2,570.96,Regular,3,3,3,333,0,3556,277.48,High
2,2,885.47,Regular,5,3,3,533,0,3557,442.93500000000006,High
371,1,15.0,Lost,1,2,1,121,1,3558,-66.4,Low
171,1,532.94,At Risk,2,2,3,223,0,3559,232.57000000000005,High
55,3,1654.31,Loyal,3,4,4,344,0,3560,817.055,High
72,14,1836.0900000000001,Regular,2,5,4,254,0,3561,907.8450000000001,High
98,2,636.14,Regular,2,3,3,233,0,3562,299.07,High
37,1,576.0,Regular,3,2,3,323,0,3563,280.90000000000003,High
57,3,794.64,Loyal,3,4,3,343,0,3564,386.82,High
253,1,836.79,Churn Likely,1,2,3,123,1,3565,368.09499999999997,High
69,4,2225.15,Regular,3,4,5,345,0,3566,1099.9750000000001,High
43,4,954.09,Loyal,3,4,4,344,0,3567,469.645,High
49,1,137.37,Regular,3,2,1,321,0,3568,59.185,Medium
64,1,391.98,Regular,3,2,2,322,0,3569,183.49,High
10,19,33643.08,VIP,5,5,5,555,0,3570,16825.24,High
32,3,1048.49,Loyal,4,4,4,444,0,3571,518.745,High
58,2,355.56,Regular,3,3,2,332,0,3572,166.78,High
72,4,1224.06,Regular,2,4,4,244,0,3573,598.83,High
303,1,118.95000000000002,Churn Likely,1,2,1,121,1,3574,-0.8249999999999957,Low
45,1,130.73999999999998,Regular,3,2,1,321,0,3575,56.66999999999999,Medium
17,8,3711.77,VIP,4,5,5,455,0,3576,1854.885,High
37,2,389.27,Regular,3,3,2,332,0,3577,187.83499999999998,High
18,2,234.88,Regular,4,3,1,431,0,3578,114.44,High
186,2,160.71,Churn Likely,1,3,1,131,1,3579,43.754999999999995,Medium
51,1,110.8,Regular,3,2,1,321,0,3580,45.49999999999999,Medium
3,12,2969.12,VIP,5,5,5,555,0,3581,1487.56,High
136,5,712.24,At Risk,2,4,3,243,0,3582,330.42,High
3,27,16143.64,VIP,5,5,5,555,0,3583,8079.32,High
18,1,297.0,Regular,4,2,2,422,0,3584,145.20000000000002,High
15,5,1427.57,VIP,4,4,4,444,0,3585,712.285,High
40,8,965.16,Loyal,3,5,4,354,0,3586,476.97999999999996,High
11,8,3146.92,VIP,5,5,5,555,0,3587,1573.66,High
7,4,832.88,Loyal,5,4,3,543,0,3588,416.24,High
25,2,68.84,Regular,4,3,1,431,0,3589,30.020000000000003,Low
21,6,1936.3200000000002,VIP,4,5,4,454,0,3590,965.76,High
40,3,895.13,Loyal,3,4,3,343,0,3591,440.465,High
100,1,211.89,Regular,2,2,1,221,0,3592,86.24499999999999,High
4,15,3810.14,VIP,5,5,5,555,0,3593,1908.77,High
276,2,149.64,Churn Likely,1,3,1,131,1,3594,20.219999999999985,Low
32,1,351.44,Regular,4,2,2,422,0,3595,169.62,High
14,2,316.25,Regular,4,3,2,432,0,3596,155.92499999999998,High
63,7,4405.88,Regular,3,5,5,355,0,3597,2192.44,High
1,2,490.33,Regular,5,3,3,533,0,3598,245.565,High
368,1,329.03000000000003,Lost,1,2,2,122,1,3599,91.21500000000002,High
311,5,501.39000000000004,Churn Likely,1,4,3,143,1,3600,189.995,High
198,4,516.36,Churn Likely,1,4,3,143,1,3601,219.78,High
1,2,396.48,Regular,5,3,2,532,0,3602,198.64000000000001,High
92,3,379.35,Regular,2,4,2,242,0,3603,172.175,High
59,1,181.09,Regular,3,2,1,321,0,3604,79.045,High
80,1,168.31,Regular,2,2,1,221,0,3605,68.455,Medium
156,2,420.07,At Risk,2,3,2,232,0,3606,179.435,High
226,1,511.68,Churn Likely,1,2,3,123,1,3607,210.94,High
252,2,258.25,Churn Likely,1,3,2,132,1,3608,79.32499999999999,High
149,1,179.17,At Risk,2,2,1,221,0,3609,60.084999999999994,Medium
193,2,208.59,Churn Likely,1,3,1,131,1,3610,66.29499999999999,Medium
0,5,1383.83,VIP,5,4,4,544,0,3611,693.415,High
368,1,56.25,Lost,1,2,1,121,1,3612,-45.17500000000001,Low
23,1,337.28,Regular,4,2,2,422,0,3613,164.34,High
16,3,351.73,Loyal,4,4,2,442,0,3614,173.56500000000003,High
9,7,5126.76,VIP,5,5,5,555,0,3615,2563.68,High
7,1,164.68,Regular,5,2,1,521,0,3616,81.24,High
19,7,1567.69,VIP,4,5,4,454,0,3617,782.1450000000001,High
3,3,882.72,Loyal,5,4,3,543,0,3618,441.65999999999997,High
173,1,191.94,At Risk,2,2,1,221,0,3619,61.669999999999995,Medium
0,8,1228.88,VIP,5,5,4,554,0,3620,616.84,High
177,2,264.62,At Risk,2,3,2,232,0,3621,97.50999999999999,High
15,8,1502.8600000000001,VIP,4,5,4,454,0,3622,750.83,High
247,1,123.1,Churn Likely,1,2,1,121,1,3623,12.449999999999989,Low
190,2,334.23,Churn Likely,1,3,2,132,1,3624,129.715,High
19,2,525.69,Regular,4,3,3,433,0,3625,259.64500000000004,High
153,4,167.5,At Risk,2,4,1,241,0,3626,54.35,Medium
172,1,323.03000000000003,At Risk,2,2,2,222,0,3627,127.41500000000002,High
372,1,369.5,Lost,1,2,2,122,1,3628,110.65,High
372,1,127.08,Lost,1,2,1,121,1,3629,-10.56000000000001,Low
193,1,207.15,Churn Likely,1,2,1,121,1,3630,65.275,Medium
66,1,426.63,Regular,3,2,2,322,0,3631,200.41500000000002,High
3,8,2495.87,VIP,5,5,5,555,0,3632,1249.7350000000001,High
20,3,1107.46,Loyal,4,4,4,444,0,3633,550.63,High
238,2,416.86,Churn Likely,1,3,2,132,1,3634,161.43,High
63,1,145.35,Regular,3,2,1,321,0,3635,60.37499999999999,Medium
111,5,404.58,Regular,2,4,2,242,0,3636,181.58999999999997,High
89,15,6115.01,Regular,2,5,5,255,0,3637,3044.205,High
310,1,35.8,Churn Likely,1,2,1,121,1,3638,-43.8,Low
133,1,337.44,At Risk,2,2,2,222,0,3639,142.42000000000002,High
276,1,325.1,Churn Likely,1,2,2,122,1,3640,107.65000000000002,High
364,1,181.0,Churn Likely,1,2,1,121,1,3641,18.0,Low
82,1,1708.24,Regular,2,2,4,224,0,3642,838.02,High
7,2,955.24,Regular,5,3,4,534,0,3643,476.82000000000005,High
16,2,364.72,Regular,4,3,2,432,0,3644,179.76000000000002,High
31,4,1744.71,Loyal,4,4,4,444,0,3645,867.355,High
8,2,708.22,Regular,5,3,3,533,0,3646,353.11,High
33,4,781.91,Loyal,3,4,3,343,0,3647,385.55499999999995,High
14,8,1657.28,VIP,4,5,4,454,0,3648,828.24,High
23,14,4416.26,VIP,4,5,5,455,0,3649,2207.73,High
31,1,428.89,Regular,4,2,2,422,0,3650,208.54500000000002,High
73,1,104.35,Regular,2,2,1,221,0,3651,37.87499999999999,Low
19,2,470.76,Regular,4,3,2,432,0,3652,232.17999999999998,High
16,4,808.87,Loyal,4,4,3,443,0,3653,402.435,High
22,2,397.68,Regular,4,3,2,432,0,3654,195.04,High
2,3,666.1,Loyal,5,4,3,543,0,3655,333.55,High
303,1,314.1,Churn Likely,1,2,2,122,1,3656,96.75000000000003,High
17,12,4199.85,VIP,4,5,5,455,0,3657,2100.125,High
366,1,307.82000000000005,Lost,1,2,2,122,1,3658,81.01000000000003,High
38,7,3442.15,Loyal,3,5,5,355,0,3659,1715.575,High
83,1,371.01,Regular,2,2,2,222,0,3660,169.205,High
164,2,427.64,At Risk,2,3,2,232,0,3661,181.61999999999998,High
16,2,1054.73,Regular,4,3,4,434,0,3662,524.765,High
76,1,1098.78,Regular,2,2,4,224,0,3663,534.4899999999999,High
88,3,2398.86,Regular,2,4,5,245,0,3664,1182.7300000000002,High
24,8,3408.48,VIP,4,5,5,455,0,3665,1701.8400000000001,High
21,4,1465.12,Loyal,4,4,4,444,0,3666,729.56,High
2,10,2780.63,VIP,5,5,5,555,0,3667,1392.915,High
122,2,1142.42,At Risk,2,3,4,234,0,3668,547.4100000000001,High
29,1,168.12,Regular,4,2,1,421,0,3669,78.56,High
11,7,1432.77,VIP,5,5,4,554,0,3670,716.285,High
18,1,156.78,Regular,4,2,1,421,0,3671,75.09,High
43,2,792.11,Regular,3,3,3,333,0,3672,388.055,High
3,1,41.989999999999995,Regular,5,2,1,521,0,3673,20.694999999999997,Low
8,7,2777.67,VIP,5,5,5,555,0,3674,1389.335,High
54,1,414.27,Regular,3,2,2,322,0,3675,196.635,High
87,6,1032.58,Regular,2,5,4,254,0,3676,500.68999999999994,High
36,5,3080.22,Loyal,3,4,5,345,0,3677,1534.4099999999999,High
2,3,12393.7,Loyal,5,4,5,545,0,3678,6197.35,High
29,5,2735.37,VIP,4,4,5,445,0,3679,1363.385,High
11,4,578.71,Loyal,5,4,3,543,0,3680,288.355,High
210,1,101.4,Churn Likely,1,2,1,121,1,3681,9.0,Low
47,4,1693.81,Loyal,3,4,4,344,0,3682,838.705,High
23,3,478.78,Loyal,4,4,2,442,0,3683,235.69,High
21,4,972.11,Loyal,4,4,4,444,0,3684,483.055,High
245,3,392.4,Churn Likely,1,4,2,142,1,3685,148.1,High
7,16,3352.96,VIP,5,5,5,555,0,3686,1679.8799999999999,High
34,3,1415.29,Loyal,3,4,4,344,0,3687,701.745,High
3,47,37130.6,VIP,5,5,5,555,0,3688,18578.8,High
37,3,646.83,Loyal,3,4,3,343,0,3689,316.915,High
3,3,704.55,Loyal,5,4,3,543,0,3690,352.57499999999993,High
2,8,1465.51,VIP,5,5,4,554,0,3691,734.755,High
46,1,211.88,Regular,3,2,1,321,0,3692,97.03999999999999,High
38,2,408.90000000000003,Regular,3,3,2,332,0,3693,197.45000000000002,High
46,9,3786.2400000000002,Loyal,3,5,5,355,0,3694,1886.6200000000001,High
16,3,851.01,Loyal,4,4,3,443,0,3695,423.205,High
259,1,602.63,Churn Likely,1,2,3,123,1,3696,249.815,High
45,3,719.81,Loyal,3,4,3,343,0,3697,351.80499999999995,High
11,1,251.03,Regular,5,2,2,522,0,3698,123.615,High
29,1,439.65999999999997,Regular,4,2,2,422,0,3699,214.32999999999998,High
42,1,236.09,Regular,3,2,1,321,0,3700,109.945,High
91,6,934.62,Regular,2,5,4,254,0,3701,450.91,High
38,63,80850.84,Loyal,3,5,5,355,0,3702,40436.72,High
309,1,331.24,Churn Likely,1,2,2,122,1,3703,104.12,High
91,2,547.9,Regular,2,3,3,233,0,3704,256.35,High
5,20,8778.82,VIP,5,5,5,555,0,3705,4394.41,High
195,3,437.7,Churn Likely,1,4,2,142,1,3706,180.75,High
86,2,758.92,Regular,2,3,3,233,0,3707,362.86,High
269,3,855.02,Churn Likely,1,4,3,143,1,3708,374.60999999999996,High
7,3,471.78000000000003,Loyal,5,4,2,542,0,3709,235.39000000000001,High
64,3,1313.55,Regular,3,4,4,344,0,3710,644.875,High
30,3,3166.4,Loyal,4,4,5,445,0,3711,1578.1000000000001,High
21,5,1177.47,VIP,4,4,4,444,0,3712,586.035,High
37,4,773.99,Loyal,3,4,3,343,0,3713,380.795,High
119,4,1340.7,Regular,2,4,4,244,0,3714,647.7500000000001,High
372,2,256.44,Lost,1,3,2,132,1,3715,54.41999999999999,Medium
39,3,1074.81,Loyal,3,4,4,344,0,3716,530.505,High
173,1,137.9,At Risk,2,2,1,221,0,3717,34.65,Low
53,1,362.06,Regular,3,2,2,322,0,3718,170.73000000000002,High
32,2,1511.95,Regular,4,3,4,434,0,3719,750.1750000000001,High
144,1,783.9,At Risk,2,2,3,223,0,3720,363.45,High
220,1,134.8,Churn Likely,1,2,1,121,1,3721,23.700000000000003,Low
44,1,650.75,Regular,3,2,3,323,0,3722,316.875,High
15,7,2263.12,VIP,4,5,5,455,0,3723,1130.6599999999999,High
65,6,1453.16,Regular,3,5,4,354,0,3724,715.38,High
9,4,1153.62,Loyal,5,4,4,544,0,3725,576.21,High
259,1,335.32,Churn Likely,1,2,2,122,1,3726,116.16,High
364,1,367.14,Churn Likely,1,2,2,122,1,3727,111.07000000000001,High
16,5,1521.04,VIP,4,4,4,444,0,3728,758.8199999999999,High
21,2,852.15,Regular,4,3,3,433,0,3729,422.475,High
44,1,326.24,Regular,3,2,2,322,0,3730,154.62,High
287,1,584.3199999999999,Churn Likely,1,2,3,123,1,3731,235.05999999999997,High
296,1,122.39999999999999,Churn Likely,1,2,1,121,1,3732,2.29999999999999,Low
2,10,2234.73,VIP,5,5,5,555,0,3733,1119.965,High
283,1,79.2,Churn Likely,1,2,1,121,1,3734,-16.700000000000003,Low
16,3,1352.0,Loyal,4,4,4,444,0,3735,673.6999999999999,High
81,2,217.16,Regular,2,3,1,231,0,3736,92.97999999999999,High
55,5,2799.42,Loyal,3,4,5,345,0,3737,1390.21,High
100,2,1317.62,Regular,2,3,4,234,0,3738,639.41,High
298,1,436.18,Churn Likely,1,2,2,122,1,3739,158.79000000000002,High
22,5,981.51,VIP,4,4,4,444,0,3740,487.855,High
58,5,1121.39,Loyal,3,4,4,344,0,3741,550.595,High
154,2,315.06,At Risk,2,3,2,232,0,3742,127.33,High
114,3,817.86,Regular,2,4,3,243,0,3743,387.03,High
106,1,17.0,Regular,2,2,1,221,0,3744,-12.400000000000002,Low
11,4,1078.23,Loyal,5,4,4,544,0,3745,538.115,High
263,1,320.62,Churn Likely,1,2,2,122,1,3746,108.01000000000002,High
239,1,185.04999999999998,Churn Likely,1,2,1,121,1,3747,45.024999999999984,Medium
87,7,2005.63,Regular,2,5,4,254,0,3748,987.5150000000001,High
49,3,731.9,Loyal,3,4,3,343,0,3749,357.04999999999995,High
70,1,1290.7,Regular,3,2,4,324,0,3750,631.65,High
41,3,1842.14,Loyal,3,4,4,344,0,3751,913.77,High
6,6,1429.64,VIP,5,5,4,554,0,3752,715.42,High
61,1,298.21,Regular,3,2,2,322,0,3753,137.205,High
248,1,336.96,Churn Likely,1,2,2,122,1,3754,119.18,High
65,1,108.38,Regular,3,2,1,321,0,3755,41.489999999999995,Medium
17,7,3204.1600000000003,VIP,4,5,5,455,0,3756,1600.78,High
84,1,842.5,Regular,2,2,3,223,0,3757,404.75,High
218,2,611.88,Churn Likely,1,3,3,133,1,3758,262.94,High
44,3,1320.95,Loyal,3,4,4,344,0,3759,652.575,High
142,4,195.73999999999998,At Risk,2,4,1,241,0,3760,70.66999999999999,High
182,1,161.38,Churn Likely,1,2,1,121,1,3761,44.589999999999996,Medium
170,1,135.75000000000003,At Risk,2,2,1,221,0,3762,34.17500000000001,Low
9,8,1660.8799999999999,VIP,5,5,4,554,0,3763,831.04,High
211,1,612.78,Churn Likely,1,2,3,123,1,3764,264.49,High
189,1,232.21,Churn Likely,1,2,1,121,1,3765,78.60499999999999,High
7,2,423.36,Regular,5,3,2,532,0,3766,210.88,High
58,4,1309.14,Loyal,3,4,4,344,0,3767,644.1700000000001,High
56,2,854.66,Regular,3,3,3,333,0,3768,416.73,High
72,4,684.4200000000001,Regular,2,4,3,243,0,3769,329.01000000000005,High
51,1,307.78,Regular,3,2,2,322,0,3770,143.99,High
316,1,249.0,Churn Likely,1,2,1,121,1,3771,61.599999999999994,Medium
366,1,289.35,Lost,1,2,2,122,1,3772,71.77500000000002,High
28,4,6287.77,Loyal,4,4,5,445,0,3773,3139.485,High
38,1,656.25,Regular,3,2,3,323,0,3774,320.825,High
17,5,1880.22,VIP,4,4,4,444,0,3775,938.21,High
51,6,3506.54,Loyal,3,5,5,355,0,3776,1744.87,High
3,33,14589.04,VIP,5,5,5,555,0,3777,7303.82,High
21,2,618.09,Regular,4,3,3,433,0,3778,305.44500000000005,High
262,1,517.55,Churn Likely,1,2,3,123,1,3779,206.67499999999998,High
59,3,709.38,Loyal,3,4,3,343,0,3780,343.78999999999996,High
18,3,635.41,Loyal,4,4,3,443,0,3781,315.00499999999994,High
65,2,725.18,Regular,3,3,3,333,0,3782,350.19,High
87,1,620.4,Regular,2,2,3,223,0,3783,293.1,High
249,1,535.34,Churn Likely,1,2,3,123,1,3784,218.17000000000002,High
2,6,2424.94,VIP,5,5,5,555,0,3785,1213.87,High
246,1,175.2,Churn Likely,1,2,1,121,1,3786,38.69999999999999,Low
8,11,3799.4900000000002,VIP,5,5,5,555,0,3787,1901.4450000000002,High
156,3,734.13,At Risk,2,4,3,243,0,3788,336.765,High
133,1,375.0,At Risk,2,2,2,222,0,3789,161.20000000000002,High
295,1,76.32000000000001,Churn Likely,1,2,1,121,1,3790,-20.54,Low
4,2,280.52,Regular,5,3,2,532,0,3791,140.05999999999997,High
42,5,2053.02,Loyal,3,4,4,344,0,3792,1019.61,High
268,1,1829.04,Churn Likely,1,2,4,124,1,3793,861.2199999999999,High
49,5,1824.23,Loyal,3,4,4,344,0,3794,903.815,High
8,9,3092.04,VIP,5,5,5,555,0,3795,1547.1200000000001,High
15,3,656.69,Loyal,4,4,3,443,0,3796,326.245,High
281,1,348.2,Churn Likely,1,2,2,122,1,3797,118.2,High
64,2,1025.44,Regular,3,3,4,334,0,3798,500.52000000000004,High
1,19,5533.67,VIP,5,5,5,555,0,3799,2772.335,High
251,1,37.4,Churn Likely,1,2,1,121,1,3800,-31.200000000000003,Low
231,2,856.6,Churn Likely,1,3,3,133,1,3801,382.70000000000005,High
16,3,822.48,Loyal,4,4,3,443,0,3802,408.94,High
10,27,3787.6,VIP,5,5,5,555,0,3803,1899.8999999999999,High
7,4,1822.97,Loyal,5,4,4,544,0,3804,911.2850000000001,High
50,6,1885.05,Loyal,3,5,4,354,0,3805,934.3249999999999,High
58,1,73.2,Regular,3,2,1,321,0,3806,25.299999999999997,Low
94,5,1140.21,Regular,2,4,4,244,0,3807,552.8050000000001,High
15,6,1418.32,VIP,4,5,4,454,0,3808,707.9599999999999,High
125,3,1009.5500000000001,At Risk,2,4,4,244,0,3809,480.675,High
93,4,1037.59,Regular,2,4,4,244,0,3810,501.395,High
49,1,331.95,Regular,3,2,2,322,0,3811,156.475,High
137,1,197.9,At Risk,2,2,1,221,0,3812,71.85,High
60,1,215.83,Regular,3,2,1,321,0,3813,96.215,High
99,8,10254.18,Regular,2,5,5,255,0,3814,5109.69,High
72,1,305.54,Regular,2,2,2,222,0,3815,138.67000000000002,High
71,4,6617.65,Regular,3,4,5,345,0,3816,3295.825,High
66,1,338.71000000000004,Regular,3,2,2,322,0,3817,156.45500000000004,High
63,6,1158.79,Regular,3,5,4,354,0,3818,568.5949999999999,High
16,2,529.41,Regular,4,3,3,433,0,3819,262.105,High
22,12,4006.94,VIP,4,5,5,455,0,3820,2002.6699999999998,High
31,15,6911.4400000000005,Loyal,4,5,5,455,0,3821,3454.0200000000004,High
44,4,981.86,Loyal,3,4,4,344,0,3822,483.33,High
15,2,215.48,Regular,4,3,1,431,0,3823,105.33999999999999,High
39,1,215.08,Regular,3,2,1,321,0,3824,100.04,High
2,13,5180.52,VIP,5,5,5,555,0,3825,2593.76,High
236,1,314.45,Churn Likely,1,2,2,122,1,3826,110.325,High
74,1,400.68100000000004,Regular,2,2,2,222,0,3827,185.84050000000002,High
3,2,1068.8700000000001,Regular,5,3,4,534,0,3828,534.4350000000001,High
2,4,1863.47,Loyal,5,4,4,544,0,3829,932.5350000000001,High
360,1,365.27,Churn Likely,1,2,2,122,1,3830,110.935,High
58,4,592.9,Loyal,3,4,3,343,0,3831,286.04999999999995,High
22,1,384.18,Regular,4,2,2,422,0,3832,187.99,High
30,4,757.63,Loyal,4,4,3,443,0,3833,374.015,High
54,4,537.0600000000001,Loyal,3,4,3,343,0,3834,258.93,High
24,1,394.38,Regular,4,2,2,422,0,3835,192.69,High
44,2,664.26,Regular,3,3,3,333,0,3836,323.93,High
88,5,2262.62,Regular,2,4,5,245,0,3837,1115.21,High
1,18,21086.3,VIP,5,5,5,555,0,3838,10548.349999999999,High
88,1,547.02,Regular,2,2,3,223,0,3839,256.21,High
18,2,690.34,Regular,4,3,3,433,0,3840,342.17,High
78,1,159.0,Regular,2,2,1,221,0,3841,64.19999999999999,Medium
170,3,1062.75,At Risk,2,4,4,244,0,3842,498.275,High
80,1,242.35,Regular,2,2,1,221,0,3843,105.475,High
266,1,914.9300000000001,Churn Likely,1,2,3,123,1,3844,404.56500000000005,High
234,2,304.25,Churn Likely,1,3,2,132,1,3845,105.92499999999998,High
29,7,3084.68,VIP,4,5,5,455,0,3846,1538.6399999999999,High
36,3,860.86,Loyal,3,4,3,343,0,3847,424.13,High
317,1,773.5500000000001,Churn Likely,1,2,3,123,1,3848,323.67500000000007,High
56,4,1295.3,Loyal,3,4,4,344,0,3849,637.65,High
44,5,1096.32,Loyal,3,4,4,344,0,3850,540.86,High
202,3,255.12,Churn Likely,1,4,2,142,1,3851,88.06,High
224,1,314.22,Churn Likely,1,2,2,122,1,3852,112.61000000000001,High
86,2,1010.6,Regular,2,3,4,234,0,3853,488.70000000000005,High
189,2,542.03,Churn Likely,1,3,3,133,1,3854,233.815,High
43,4,990.88,Loyal,3,4,4,344,0,3855,488.03999999999996,High
70,3,536.6800000000001,Regular,3,4,3,343,0,3856,255.24,High
40,5,867.31,Loyal,3,4,3,343,0,3857,427.155,High
77,1,432.2,Regular,2,2,2,222,0,3858,201.0,High
56,2,414.2,Regular,3,3,2,332,0,3859,196.5,High
23,2,3718.8,Regular,4,3,5,435,0,3860,1855.4,High
9,13,2590.31,VIP,5,5,5,555,0,3861,1297.255,High
7,7,3579.86,VIP,5,5,5,555,0,3862,1790.6299999999999,High
33,2,409.1,Regular,3,3,2,332,0,3863,198.55,High
211,2,1522.75,Churn Likely,1,3,4,134,1,3864,719.775,High
23,3,1413.66,Loyal,4,4,4,444,0,3865,703.13,High
169,1,114.56,At Risk,2,2,1,221,0,3866,23.779999999999994,Low
61,1,152.94,Regular,3,2,1,321,0,3867,64.57,Medium
52,5,1800.07,Loyal,3,4,4,344,0,3868,891.135,High
260,2,389.44,Churn Likely,1,3,2,132,1,3869,143.32,High
66,2,3683.86,Regular,3,3,5,335,0,3870,1829.33,High
16,8,2619.91,VIP,4,5,5,455,0,3871,1309.155,High
266,1,752.4300000000001,Churn Likely,1,2,3,123,1,3872,323.31500000000005,High
176,1,46.95,At Risk,2,2,1,221,0,3873,-11.425,Low
44,5,5203.51,Loyal,3,4,5,345,0,3874,2594.455,High
50,1,1035.45,Regular,3,2,4,324,0,3875,508.025,High
16,4,728.54,Loyal,4,4,3,443,0,3876,362.27,High
8,9,5447.0,VIP,5,5,5,555,0,3877,2724.6,High
73,7,861.89,Regular,2,5,3,253,0,3878,418.445,High
70,2,667.65,Regular,3,3,3,333,0,3879,320.425,High
352,1,1141.24,Churn Likely,1,2,4,124,1,3880,500.52,High
2,5,1404.64,VIP,5,4,4,544,0,3881,703.4200000000001,High
116,1,411.7,Regular,2,2,2,222,0,3882,182.95,High
372,1,351.75,Lost,1,2,2,122,1,3883,101.775,High
196,1,559.87,Churn Likely,1,2,3,123,1,3884,241.03500000000003,High
176,1,810.6000000000001,At Risk,2,2,3,223,0,3885,370.4000000000001,High
99,1,566.38,Regular,2,2,3,223,0,3886,263.69,High
20,3,1502.78,Loyal,4,4,4,444,0,3887,748.29,High
71,1,2062.06,Regular,3,2,5,325,0,3888,1017.1299999999999,High
339,1,168.3,Churn Likely,1,2,1,121,1,3889,16.650000000000006,Low
5,5,1570.81,VIP,5,4,4,544,0,3890,785.905,High
30,2,812.68,Regular,4,3,3,433,0,3891,400.94,High
169,1,142.5,At Risk,2,2,1,221,0,3892,37.74999999999999,Low
121,1,302.25,At Risk,2,2,2,222,0,3893,127.22500000000001,High
21,10,2248.9900000000002,VIP,4,5,5,455,0,3894,1123.295,High
9,4,1328.55,Loyal,5,4,4,544,0,3895,663.6750000000001,High
268,1,301.9,Churn Likely,1,2,2,122,1,3896,97.65,High
22,3,598.2,Loyal,4,4,3,443,0,3897,295.6,High
126,1,233.22,At Risk,2,2,1,221,0,3898,91.71,High
25,3,5360.63,Loyal,4,4,5,445,0,3899,2676.215,High
138,1,361.21999999999997,At Risk,2,2,2,222,0,3900,153.31,High
213,6,632.27,Churn Likely,1,5,3,153,1,3901,275.335,High
37,4,2560.0,Loyal,3,4,5,345,0,3902,1273.8,High
105,2,706.57,Regular,2,3,3,233,0,3903,332.88500000000005,High
17,2,616.26,Regular,4,3,3,433,0,3904,305.33000000000004,High
2,2,274.15000000000003,Regular,5,3,2,532,0,3905,137.275,High
330,1,226.37,Churn Likely,1,2,1,121,1,3906,47.485,Medium
63,8,2938.91,Regular,3,5,5,355,0,3907,1459.255,High
119,3,1341.65,Regular,2,4,4,244,0,3908,647.9250000000001,High
34,1,328.15,Regular,3,2,2,322,0,3909,157.575,High
217,1,404.40000000000003,Churn Likely,1,2,2,122,1,3910,159.10000000000002,High
171,2,1038.46,At Risk,2,3,4,234,0,3911,485.63000000000005,High
71,5,373.65000000000003,Regular,3,4,2,342,0,3912,174.12500000000003,High
0,2,326.75,Regular,5,3,2,532,0,3913,163.975,High
195,1,207.50000000000003,Churn Likely,1,2,1,121,1,3914,65.05000000000001,Medium
127,3,408.59000000000003,At Risk,2,4,2,242,0,3915,179.79500000000002,High
46,3,594.24,Loyal,3,4,3,343,0,3916,288.82,High
5,14,3039.2200000000003,VIP,5,5,5,555,0,3917,1522.8100000000002,High
13,6,3820.27,VIP,4,5,5,455,0,3918,1909.335,High
17,3,251.91,Loyal,4,4,2,442,0,3919,123.455,High
27,7,1582.8,VIP,4,5,4,454,0,3920,788.1,High
7,22,26626.8,VIP,5,5,5,555,0,3921,13318.6,High
36,1,151.05,Regular,3,2,1,321,0,3922,68.625,Medium
156,1,214.79999999999998,At Risk,2,2,1,221,0,3923,76.49999999999999,High
283,1,94.05,Churn Likely,1,2,1,121,1,3924,-9.275000000000006,Low
106,1,534.31,Regular,2,2,3,223,0,3925,246.255,High
24,4,1971.87,Loyal,4,4,4,444,0,3926,982.335,High
74,4,322.41,Regular,2,4,2,242,0,3927,147.605,High
15,2,328.58,Regular,4,3,2,432,0,3928,161.89,High
157,1,101.10000000000001,At Risk,2,2,1,221,0,3929,19.45,Low
43,1,565.46,Regular,3,2,3,323,0,3930,274.43,High
10,2,847.45,Regular,5,3,3,533,0,3931,422.32500000000005,High
31,7,1415.65,Loyal,4,5,4,454,0,3932,703.725,High
290,1,53.5,Churn Likely,1,2,1,121,1,3933,-30.95,Low
20,4,1116.47,Loyal,4,4,4,444,0,3934,555.4350000000001,High
332,1,153.9,Churn Likely,1,2,1,121,1,3935,10.849999999999994,Low
17,2,494.44,Regular,4,3,3,433,0,3936,244.42,High
3,23,6675.71,VIP,5,5,5,555,0,3937,3344.155,High
62,2,395.8,Regular,3,3,2,332,0,3938,186.1,High
197,3,211.77,Churn Likely,1,4,1,141,1,3939,67.385,Medium
32,3,658.88,Loyal,4,4,3,443,0,3940,323.94,High
0,4,2027.5,Loyal,5,4,4,544,0,3941,1014.95,High
6,9,1750.92,VIP,5,5,4,554,0,3942,876.96,High
4,6,3450.41,VIP,5,5,5,555,0,3943,1726.205,High
9,4,891.21,Loyal,5,4,3,543,0,3944,445.005,High
31,5,709.99,Loyal,4,4,3,443,0,3945,350.295,High
52,1,109.36000000000001,Regular,3,2,1,321,0,3946,44.580000000000005,Medium
11,2,705.79,Regular,5,3,3,533,0,3947,351.295,High
17,9,1540.42,VIP,4,5,4,454,0,3948,769.5100000000001,High
18,1,327.3,Regular,4,2,2,422,0,3949,160.35000000000002,High
36,2,800.67,Regular,3,3,3,333,0,3950,393.735,High
1,2,479.91,Regular,5,3,2,532,0,3951,240.35500000000002,High
17,3,1545.41,Loyal,4,4,4,444,0,3952,770.205,High
81,4,1301.91,Regular,2,4,4,244,0,3953,635.955,High
32,2,355.73,Regular,4,3,2,432,0,3954,172.065,High
65,2,466.73,Regular,3,3,2,332,0,3955,220.965,High
8,2,974.96,Regular,5,3,4,534,0,3956,486.48,High
266,1,676.2,Churn Likely,1,2,3,123,1,3957,285.20000000000005,High
246,3,362.95,Churn Likely,1,4,2,142,1,3958,133.175,High
3,4,2157.4,Loyal,5,4,5,545,0,3959,1079.3000000000002,High
60,1,1743.1499999999999,Regular,3,2,4,324,0,3960,859.8749999999999,High
74,2,643.76,Regular,2,3,3,233,0,3961,307.68,High
89,2,584.5,Regular,2,3,3,233,0,3962,275.05,High
59,3,554.86,Loyal,3,4,3,343,0,3963,266.53,High
28,2,302.57,Regular,4,3,2,432,0,3964,146.285,High
322,1,94.36,Churn Likely,1,2,1,121,1,3965,-16.92000000000001,Low
52,4,1382.07,Loyal,3,4,4,344,0,3966,681.835,High
269,1,217.89,Churn Likely,1,2,1,121,1,3967,55.444999999999986,Medium
1,13,3040.96,VIP,5,5,5,555,0,3968,1524.18,High
56,5,1555.34,Loyal,3,4,4,344,0,3969,767.9699999999999,High
60,5,1482.06,Loyal,3,4,4,344,0,3970,730.53,High
153,2,1705.8,At Risk,2,3,4,234,0,3971,822.9,High
18,2,408.02,Regular,4,3,2,432,0,3972,201.01,High
94,1,303.93,Regular,2,2,2,222,0,3973,133.465,High
0,12,4098.32,VIP,5,5,5,555,0,3974,2052.7599999999998,High
264,2,293.45,Churn Likely,1,3,2,132,1,3975,94.52499999999998,High
311,1,177.5,Churn Likely,1,2,1,121,1,3976,26.849999999999994,Low
69,1,443.05,Regular,3,2,2,322,0,3977,208.025,High
301,2,167.25,Churn Likely,1,3,1,131,1,3978,24.02499999999999,Low
18,1,154.35,Regular,4,2,1,421,0,3979,73.875,High
12,10,2079.68,VIP,5,5,5,555,0,3980,1040.4399999999998,High
35,5,2022.98,Loyal,3,4,4,344,0,3981,1005.99,High
18,2,211.7,Regular,4,3,1,431,0,3982,102.85,High
53,1,135.99,Regular,3,2,1,321,0,3983,57.695,Medium
56,1,262.2,Regular,3,2,2,322,0,3984,120.2,High
21,2,126.25,Regular,4,3,1,431,0,3985,59.525,Medium
43,1,200.27,Regular,3,2,1,321,0,3986,91.83500000000001,High
26,3,1051.4,Loyal,4,4,4,444,0,3987,521.4,High
44,3,631.12,Loyal,3,4,3,343,0,3988,307.65999999999997,High
112,6,958.71,Regular,2,5,4,254,0,3989,458.75500000000005,High
16,51,34684.4,VIP,4,5,5,455,0,3990,17354.3,High
24,1,346.12,Regular,4,2,2,422,0,3991,168.56,High
190,1,133.56,Churn Likely,1,2,1,121,1,3992,29.08,Low
301,1,302.7,Churn Likely,1,2,2,122,1,3993,91.45,High
1,10,1863.76,VIP,5,5,4,554,0,3994,934.68,High
262,2,241.06,Churn Likely,1,3,1,131,1,3995,68.72999999999999,Medium
105,1,284.55,Regular,2,2,2,222,0,3996,121.57500000000002,High
56,1,300.85,Regular,3,2,2,322,0,3997,139.52500000000003,High
212,3,623.28,Churn Likely,1,4,3,143,1,3998,270.14,High
63,1,287.4,Regular,3,2,2,322,0,3999,131.4,High
27,1,184.26,Regular,4,2,1,421,0,4000,87.02999999999999,High
28,7,1511.8,VIP,4,5,4,454,0,4001,752.4,High
5,5,798.35,VIP,5,4,3,543,0,4002,399.675,High
7,5,3640.67,VIP,5,4,5,545,0,4003,1820.435,High
66,2,381.2,Regular,3,3,2,332,0,4004,178.0,High
1,3,609.3,Loyal,5,4,3,543,0,4005,305.34999999999997,High
45,4,654.67,Loyal,3,4,3,343,0,4006,319.53499999999997,High
33,1,230.51,Regular,3,2,1,321,0,4007,108.955,High
0,2,168472.5,Regular,5,3,5,535,0,4008,84236.85,High
135,1,255.91,At Risk,2,2,2,222,0,4009,101.255,High
197,1,182.99,Churn Likely,1,2,1,121,1,4010,52.394999999999996,Medium
197,2,707.69,Churn Likely,1,3,3,133,1,4011,315.0450000000001,High
149,1,311.92,At Risk,2,2,2,222,0,4012,126.46000000000002,High
87,1,266.97,Regular,2,2,2,222,0,4013,116.38500000000002,High
44,2,6.9,Regular,3,3,1,331,0,4014,-4.750000000000001,Low
63,7,1841.18,Regular,3,5,4,354,0,4015,910.09,High
98,5,2158.18,Regular,2,4,5,245,0,4016,1060.99,High
217,1,208.36,Churn Likely,1,2,1,121,1,4017,61.08,Medium
2,18,3482.7400000000002,VIP,5,5,5,555,0,4018,1746.3700000000001,High
27,3,811.23,Loyal,4,4,3,443,0,4019,401.115,High
177,1,142.92,At Risk,2,2,1,221,0,4020,36.35999999999999,Low
73,3,136.0,Regular,2,4,1,241,0,4021,54.300000000000004,Medium
20,4,1422.4,Loyal,4,4,4,444,0,4022,708.4000000000001,High
19,3,1298.66,Loyal,4,4,4,444,0,4023,646.4300000000001,High
33,7,1595.96,Loyal,3,5,4,354,0,4024,793.48,High
73,1,74.9,Regular,2,2,1,221,0,4025,23.15,Low
23,4,625.42,Loyal,4,4,3,443,0,4026,309.30999999999995,High
51,4,752.77,Loyal,3,4,3,343,0,4027,367.385,High
274,1,223.95000000000002,Churn Likely,1,2,1,121,1,4028,57.475,Medium
164,3,316.11,At Risk,2,4,2,242,0,4029,126.155,High
6,7,1810.65,VIP,5,5,4,554,0,4030,906.225,High
87,4,544.3,Regular,2,4,3,243,0,4031,255.94999999999996,High
63,7,2494.46,Regular,3,5,5,355,0,4032,1236.73,High
24,3,331.0,Loyal,4,4,2,442,0,4033,161.6,High
9,2,300.83,Regular,5,3,2,532,0,4034,149.21499999999997,High
75,1,769.29,Regular,2,2,3,223,0,4035,369.945,High
15,1,220.62,Regular,4,2,1,421,0,4036,107.61,High
191,1,139.35,Churn Likely,1,2,1,121,1,4037,31.77499999999999,Low
173,2,404.3,At Risk,2,3,2,232,0,4038,168.15,High
76,1,363.65,Regular,2,2,2,222,0,4039,166.925,High
32,3,498.8,Loyal,4,4,3,443,0,4040,243.9,High
46,1,731.5,Regular,3,2,3,323,0,4041,356.85,High
79,4,1351.63,Regular,2,4,4,244,0,4042,661.2150000000001,High
296,1,826.53,Churn Likely,1,2,3,123,1,4043,354.365,High
2,3,648.26,Loyal,5,4,3,543,0,4044,324.63,High
8,3,1599.52,Loyal,5,4,4,544,0,4045,799.06,High
49,6,2965.69,Loyal,3,5,5,355,0,4046,1474.845,High
160,2,100.97,At Risk,2,3,1,231,0,4047,19.085,Low
359,2,365.45,Churn Likely,1,3,2,132,1,4048,111.52499999999999,High
4,6,400.86,VIP,5,5,2,552,0,4049,201.43,High
106,4,1431.93,Regular,2,4,4,244,0,4050,695.965,High
24,1,465.88,Regular,4,2,2,422,0,4051,228.44,High
31,1,777.6,Regular,4,2,3,423,0,4052,382.90000000000003,High
19,2,90.30000000000001,Regular,4,3,1,431,0,4053,41.95000000000001,Medium
296,1,363.7,Churn Likely,1,2,2,122,1,4054,122.95,High
371,1,248.1,Lost,1,2,1,121,1,4055,50.14999999999999,Medium
21,3,918.33,Loyal,4,4,3,443,0,4056,455.865,High
4,4,874.59,Loyal,5,4,3,543,0,4057,437.695,High
51,5,1624.14,Loyal,3,4,4,344,0,4058,803.37,High
29,1,101.69999999999999,Regular,4,2,1,421,0,4059,45.349999999999994,Medium
276,1,162.7,Churn Likely,1,2,1,121,1,4060,26.44999999999999,Low
60,2,484.32,Regular,3,3,2,332,0,4061,230.76,High
24,2,215.07999999999998,Regular,4,3,1,431,0,4062,103.33999999999999,High
185,3,1046.57,Churn Likely,1,4,4,144,1,4063,487.18499999999995,High
1,21,9418.470000000001,VIP,5,5,5,555,0,4064,4715.335000000001,High
1,26,13027.45,VIP,5,5,5,555,0,4065,6521.325000000001,High
171,1,290.36,At Risk,2,2,2,222,0,4066,111.28000000000002,High
80,1,228.06,Regular,2,2,1,221,0,4067,98.33,High
3,1,244.41,Regular,5,2,1,521,0,4068,121.905,High
189,1,455.25,Churn Likely,1,2,2,122,1,4069,190.125,High
21,7,1244.59,VIP,4,5,4,454,0,4070,620.1949999999999,High
17,3,6748.8,Loyal,4,4,5,445,0,4071,3371.9,High
18,3,1082.81,Loyal,4,4,4,444,0,4072,538.7049999999999,High
4,1,593.75,Regular,5,2,3,523,0,4073,296.375,High
109,1,548.12,Regular,2,2,3,223,0,4074,252.56,High
2,4,1388.81,Loyal,5,4,4,544,0,4075,695.205,High
53,1,119.62,Regular,3,2,1,321,0,4076,49.51,Medium
164,1,339.3,At Risk,2,2,2,222,0,4077,137.15,High
290,2,787.15,Churn Likely,1,3,3,133,1,4078,336.175,High
9,10,4034.9,VIP,5,5,5,555,0,4079,2018.65,High
108,5,2298.97,Regular,2,4,5,245,0,4080,1129.385,High
95,3,922.12,Regular,2,4,3,243,0,4081,442.96,High
242,2,379.73,Churn Likely,1,3,2,132,1,4082,142.065,High
162,12,5719.82,At Risk,2,5,5,255,0,4083,2831.1099999999997,High
41,3,837.1,Loyal,3,4,3,343,0,4084,411.25,High
34,2,285.89,Regular,3,3,2,332,0,4085,136.74499999999998,High
66,7,3313.79,Regular,3,5,5,355,0,4086,1645.7949999999998,High
23,2,281.85,Regular,4,3,2,432,0,4087,136.925,High
0,20,8338.49,VIP,5,5,5,555,0,4088,4175.245,High
26,2,841.41,Regular,4,3,3,433,0,4089,416.105,High
5,2,511.12,Regular,5,3,3,533,0,4090,255.16000000000003,High
53,1,1077.74,Regular,3,2,4,324,0,4091,528.5699999999999,High
363,1,173.7,Churn Likely,1,2,1,121,1,4092,14.549999999999983,Low
14,5,614.66,VIP,4,4,3,443,0,4093,306.03,High
193,2,865.6,Churn Likely,1,3,3,133,1,4094,394.8,High
2,1,124.2,Regular,5,2,1,521,0,4095,62.0,Medium
14,10,3738.4,VIP,4,5,5,455,0,4096,1869.4,High
26,3,1421.69,Loyal,4,4,4,444,0,4097,706.545,High
126,3,1009.6,At Risk,2,4,4,244,0,4098,480.5,High
84,2,663.61,Regular,2,3,3,233,0,4099,315.605,High
70,1,451.44,Regular,3,2,2,322,0,4100,212.02,High
182,1,105.84,Churn Likely,1,2,1,121,1,4101,16.82,Low
112,1,313.62,Regular,2,2,2,222,0,4102,134.71,High
373,1,233.45,Lost,1,2,1,121,1,4103,42.42499999999998,Medium
79,2,936.08,Regular,2,3,4,234,0,4104,452.84000000000003,High
248,1,463.95,Churn Likely,1,2,2,122,1,4105,182.675,High
231,1,225.15,Churn Likely,1,2,1,121,1,4106,66.675,Medium
70,3,459.24,Regular,3,4,2,342,0,4107,216.52,High
68,1,213.5,Regular,3,2,1,321,0,4108,93.44999999999999,High
3,16,4113.68,VIP,5,5,5,555,0,4109,2061.0400000000004,High
50,3,330.03,Loyal,3,4,2,342,0,4110,155.915,High
74,1,181.09,Regular,2,2,1,221,0,4111,76.045,High
60,1,360.16,Regular,3,2,2,322,0,4112,168.38000000000002,High
15,2,250.15,Regular,4,3,2,432,0,4113,122.675,High
3,1,90.04,Regular,5,2,1,521,0,4114,44.72,Medium
285,1,145.04999999999998,Churn Likely,1,2,1,121,1,4115,15.824999999999989,Low
3,6,813.52,VIP,5,5,3,553,0,4116,407.96,High
40,1,242.7,Regular,3,2,1,321,0,4117,113.64999999999999,High
35,1,528.08,Regular,3,2,3,323,0,4118,257.34000000000003,High
74,2,482.47,Regular,2,3,2,232,0,4119,227.035,High
17,14,3347.71,VIP,4,5,5,455,0,4120,1674.655,High
14,7,5493.46,VIP,4,5,5,455,0,4121,2746.0299999999997,High
218,1,75.66,Churn Likely,1,2,1,121,1,4122,-5.470000000000006,Low
185,1,129.49,Churn Likely,1,2,1,121,1,4123,28.045,Low
32,4,1187.66,Loyal,4,4,4,444,0,4124,588.6300000000001,High
69,1,618.59,Regular,3,2,3,323,0,4125,295.795,High
182,1,506.19,Churn Likely,1,2,3,123,1,4126,216.995,High
14,2,500.42,Regular,4,3,3,433,0,4127,248.01,High
235,1,151.85,Churn Likely,1,2,1,121,1,4128,29.224999999999994,Low
30,5,2647.59,VIP,4,4,5,445,0,4129,1319.295,High
263,1,226.21,Churn Likely,1,2,1,121,1,4130,60.805,Medium
3,2,178.96,Regular,5,3,1,531,0,4131,89.48,High
51,4,813.48,Loyal,3,4,3,343,0,4132,397.74,High
245,1,129.45,Churn Likely,1,2,1,121,1,4133,16.02499999999999,Low
80,2,810.5699999999999,Regular,2,3,3,233,0,4134,389.885,High
274,1,333.08,Churn Likely,1,2,2,122,1,4135,112.03999999999999,High
0,17,4413.1,VIP,5,5,5,555,0,4136,2211.65,High
78,1,322.8,Regular,2,2,2,222,0,4137,146.10000000000002,High
29,5,2188.05,VIP,4,4,5,445,0,4138,1089.7250000000001,High
73,2,408.63,Regular,2,3,2,232,0,4139,190.315,High
16,6,2883.1,VIP,4,5,5,455,0,4140,1440.1499999999999,High
222,2,217.9,Churn Likely,1,3,1,131,1,4141,65.14999999999999,Medium
31,4,1154.47,Loyal,4,4,4,444,0,4142,572.235,High
22,10,1680.72,VIP,4,5,4,454,0,4143,838.96,High
30,3,1257.51,Loyal,4,4,4,444,0,4144,623.655,High
105,1,231.10000000000002,Regular,2,2,1,221,0,4145,94.85000000000001,High
4,2,688.33,Regular,5,3,3,533,0,4146,343.96500000000003,High
245,1,487.51,Churn Likely,1,2,3,123,1,4147,195.055,High
177,2,833.78,At Risk,2,3,3,233,0,4148,382.09000000000003,High
169,2,214.06,At Risk,2,3,1,231,0,4149,73.82999999999998,High
42,1,290.65999999999997,Regular,3,2,2,322,0,4150,137.23,High
71,1,518.42,Regular,3,2,3,323,0,4151,245.31,High
58,7,6773.97,Loyal,3,5,5,355,0,4152,3377.485,High
15,2,1212.66,Regular,4,3,4,434,0,4153,603.9300000000001,High
140,4,601.27,At Risk,2,4,3,243,0,4154,273.835,High
17,6,3789.52,VIP,4,5,5,455,0,4155,1893.1599999999999,High
21,15,8625.8,VIP,4,5,5,455,0,4156,4313.2,High
9,4,874.43,Loyal,5,4,3,543,0,4157,436.61499999999995,High
367,1,123.24,Lost,1,2,1,121,1,4158,-11.480000000000011,Low
188,1,39.12,Churn Likely,1,2,1,121,1,4159,-17.740000000000002,Low
15,4,1267.6499999999999,Loyal,4,4,4,444,0,4160,632.025,High
361,1,135.39999999999998,Churn Likely,1,2,1,121,1,4161,-4.200000000000017,Low
18,1,118.98,Regular,4,2,1,421,0,4162,56.19,Medium
67,2,567.1800000000001,Regular,3,3,3,333,0,4163,270.7900000000001,High
14,6,306.71999999999997,VIP,4,5,2,452,0,4164,152.35999999999999,High
23,3,1348.88,Loyal,4,4,4,444,0,4165,670.74,High
16,11,4095.9,VIP,4,5,5,455,0,4166,2048.05,High
27,3,1692.27,Loyal,4,4,4,444,0,4167,841.635,High
1,20,8134.9400000000005,VIP,5,5,5,555,0,4168,4073.2700000000004,High
54,2,304.24,Regular,3,3,2,332,0,4169,141.92,High
33,4,1592.1200000000001,Loyal,3,4,4,344,0,4170,790.6600000000001,High
2,12,3109.99,VIP,5,5,5,555,0,4171,1558.1949999999997,High
365,1,129.75,Churn Likely,1,2,1,121,1,4172,-7.825000000000003,Low
42,1,183.7,Regular,3,2,1,321,0,4173,83.74999999999999,High
72,6,1770.34,Regular,2,5,4,254,0,4174,872.5699999999999,High
4,5,1028.0,VIP,5,4,4,544,0,4175,514.7,High
3,28,66653.56,VIP,5,5,5,555,0,4176,33334.58,High
60,2,324.24,Regular,3,3,2,332,0,4177,150.72,High
46,7,2959.88,Loyal,3,5,5,355,0,4178,1472.84,High
0,4,1260.86,Loyal,5,4,4,544,0,4179,631.63,High
75,2,422.59999999999997,Regular,2,3,2,232,0,4180,196.89999999999998,High
71,2,225.57999999999998,Regular,3,3,1,331,0,4181,99.18999999999998,High
255,2,1276.0,Churn Likely,1,3,4,134,1,4182,587.6,High
68,2,477.86,Regular,3,3,2,332,0,4183,225.93,High
134,4,657.9000000000001,At Risk,2,4,3,243,0,4184,303.35,High
240,1,112.75,Churn Likely,1,2,1,121,1,4185,8.674999999999997,Low
226,2,1998.0,Churn Likely,1,3,4,134,1,4186,954.4,High
8,13,5076.55,VIP,5,5,5,555,0,4187,2540.5750000000003,High
8,13,5398.3,VIP,5,5,5,555,0,4188,2701.4500000000003,High
0,20,14034.99,VIP,5,5,5,555,0,4189,7023.495,High
36,3,531.35,Loyal,3,4,3,343,0,4190,259.375,High
45,1,656.63,Regular,3,2,3,323,0,4191,319.615,High
84,5,3029.87,Regular,2,4,5,245,0,4192,1499.635,High
18,10,2467.99,VIP,4,5,5,455,0,4193,1233.395,High
2,5,1651.03,VIP,5,4,4,544,0,4194,826.615,High
8,11,3611.31,VIP,5,5,5,555,0,4195,1807.355,High
18,15,6910.78,VIP,4,5,5,455,0,4196,3456.29,High
218,3,1129.06,Churn Likely,1,4,4,144,1,4197,521.8299999999999,High
77,1,301.71999999999997,Regular,2,2,2,222,0,4198,135.76,High
266,2,901.2,Churn Likely,1,3,3,133,1,4199,398.00000000000006,High
23,6,3843.08,VIP,4,5,5,455,0,4200,1918.74,High
368,1,606.0500000000001,Lost,1,2,3,123,1,4201,229.72500000000002,High
14,7,1770.22,VIP,4,5,4,454,0,4202,884.4100000000001,High
25,1,152.95,Regular,4,2,1,421,0,4203,71.77499999999999,High
261,1,292.47,Churn Likely,1,2,2,122,1,4204,94.33500000000002,High
16,13,4730.81,VIP,4,5,5,455,0,4205,2366.1050000000005,High
90,2,576.4,Regular,2,3,3,233,0,4206,270.8,High
301,7,758.27,Churn Likely,1,5,3,153,1,4207,321.035,High
25,5,1358.74,VIP,4,4,4,444,0,4208,675.87,High
363,1,256.32,Churn Likely,1,2,2,122,1,4209,55.86,Medium
45,4,1048.28,Loyal,3,4,4,344,0,4210,516.34,High
37,21,7205.33,Loyal,3,5,5,355,0,4211,3601.565,High
51,3,743.11,Loyal,3,4,3,343,0,4212,362.255,High
31,1,603.75,Regular,4,2,3,423,0,4213,295.975,High
51,3,646.76,Loyal,3,4,3,343,0,4214,314.08,High
78,5,2247.41,Regular,2,4,5,245,0,4215,1109.605,High
52,1,417.59999999999997,Regular,3,2,2,322,0,4216,198.7,High
297,1,3.75,Churn Likely,1,2,1,121,1,4217,-57.22500000000001,Low
176,1,323.0,At Risk,2,2,2,222,0,4218,126.60000000000001,High
46,1,464.9,Regular,3,2,2,322,0,4219,223.55,High
28,7,2213.13,VIP,4,5,5,455,0,4220,1103.065,High
10,7,1291.91,VIP,5,5,4,554,0,4221,646.0550000000001,High
86,17,7180.7,Regular,2,5,5,255,0,4222,3578.25,High
4,18,6680.11,VIP,5,5,5,555,0,4223,3344.6549999999997,High
37,2,836.06,Regular,3,3,3,333,0,4224,411.23,High
17,5,1515.9,VIP,4,4,4,444,0,4225,756.0500000000001,High
44,5,623.93,Loyal,3,4,3,343,0,4226,304.66499999999996,High
30,1,1764.72,Regular,4,2,4,424,0,4227,876.66,High
372,1,207.5,Lost,1,2,1,121,1,4228,29.64999999999999,Low
57,1,223.92000000000002,Regular,3,2,1,321,0,4229,100.86,High
371,1,2002.4,Lost,1,2,4,124,1,4230,927.3,High
113,3,1475.43,Regular,2,4,4,244,0,4231,716.015,High
214,1,239.4,Churn Likely,1,2,1,121,1,4232,77.19999999999999,High
318,1,106.83000000000001,Churn Likely,1,2,1,121,1,4233,-9.884999999999998,Low
64,1,369.34000000000003,Regular,3,2,2,322,0,4234,172.17000000000002,High
7,3,789.79,Loyal,5,4,3,543,0,4235,394.395,High
96,1,316.62,Regular,2,2,2,222,0,4236,139.41000000000003,High
19,3,1207.24,Loyal,4,4,4,444,0,4237,600.72,High
198,1,611.85,Churn Likely,1,2,3,123,1,4238,266.625,High
3,13,2790.9500000000003,VIP,5,5,5,555,0,4239,1398.7750000000003,High
293,1,34.0,Churn Likely,1,2,1,121,1,4240,-41.3,Low
272,2,1145.6,Churn Likely,1,3,4,134,1,4241,519.0,High
30,11,5575.56,VIP,4,5,5,455,0,4242,2785.0800000000004,High
47,3,478.09000000000003,Loyal,3,4,2,342,0,4243,230.54500000000002,High
259,1,361.54,Churn Likely,1,2,2,122,1,4244,129.27,High
57,5,757.1,Loyal,3,4,3,343,0,4245,368.65000000000003,High
32,5,2242.61,Loyal,4,4,5,445,0,4246,1116.405,High
56,1,171.59,Regular,3,2,1,321,0,4247,74.895,High
67,4,661.52,Regular,3,4,3,343,0,4248,318.56,High
9,11,1691.51,VIP,5,5,4,554,0,4249,847.255,High
59,1,371.54,Regular,3,2,2,322,0,4250,174.27,High
79,2,222.62,Regular,2,3,1,231,0,4251,96.11,High
73,2,245.94,Regular,2,3,1,231,0,4252,108.97,High
1,22,10611.720000000001,VIP,5,5,5,555,0,4253,5312.260000000001,High
99,2,422.24,Regular,2,3,2,232,0,4254,191.92,High
371,1,311.25,Lost,1,2,2,122,1,4255,81.72500000000001,High
9,13,2267.9500000000003,VIP,5,5,5,555,0,4256,1136.0750000000003,High
19,1,107.6,Regular,4,2,1,421,0,4257,50.3,Medium
122,2,594.39,At Risk,2,3,3,233,0,4258,273.39500000000004,High
7,1,80.8,Regular,5,2,1,521,0,4259,39.3,Low
3,6,1545.6200000000001,VIP,5,5,4,554,0,4260,774.01,High
28,7,1705.78,VIP,4,5,4,454,0,4261,849.39,High
281,2,110.38000000000001,Churn Likely,1,3,1,131,1,4262,-0.4099999999999966,Low
56,1,243.84,Regular,3,2,1,321,0,4263,111.02,High
0,10,1196.5,VIP,5,5,4,554,0,4264,601.25,High
364,1,414.88,Churn Likely,1,2,2,122,1,4265,134.94,High
88,1,305.62,Regular,2,2,2,222,0,4266,135.51000000000002,High
10,1,1162.65,Regular,5,2,4,524,0,4267,579.625,High
162,4,1594.23,At Risk,2,4,4,244,0,4268,765.9150000000001,High
64,1,332.3,Regular,3,2,2,322,0,4269,153.65,High
22,3,536.99,Loyal,4,4,3,443,0,4270,264.995,High
173,2,460.59,At Risk,2,3,2,232,0,4271,196.295,High
102,4,762.16,Regular,2,4,3,243,0,4272,361.88,High
142,3,1121.59,At Risk,2,4,4,244,0,4273,533.295,High
98,2,288.42,Regular,2,3,2,232,0,4274,125.21000000000001,High
22,5,914.69,VIP,4,4,3,443,0,4275,454.44500000000005,High
191,1,309.54,Churn Likely,1,2,2,122,1,4276,116.87000000000002,High
4,2,547.07,Regular,5,3,3,533,0,4277,273.33500000000004,High
360,1,479.35,Churn Likely,1,2,2,122,1,4278,167.97500000000002,High
7,10,1652.18,VIP,5,5,4,554,0,4279,827.69,High
13,21,6416.7,VIP,4,5,5,455,0,4280,3212.05,High
102,4,417.06,Regular,2,4,2,242,0,4281,189.32999999999998,High
2,9,1604.75,VIP,5,5,4,554,0,4282,804.6750000000001,High
10,11,3349.57,VIP,5,5,5,555,0,4283,1676.085,High
95,1,497.61,Regular,2,2,3,223,0,4284,230.10500000000002,High
226,1,358.38,Churn Likely,1,2,2,122,1,4285,134.29000000000002,High
15,2,460.64,Regular,4,3,2,432,0,4286,227.92,High
38,2,775.1800000000001,Regular,3,3,3,333,0,4287,380.59000000000003,High
50,1,341.7,Regular,3,2,2,322,0,4288,161.15,High
92,2,128.5,Regular,2,3,1,231,0,4289,46.44999999999999,Medium
156,1,197.22,At Risk,2,2,1,221,0,4290,67.71,Medium
38,1,325.91,Regular,3,2,2,322,0,4291,155.65500000000003,High
183,3,199.15,Churn Likely,1,4,1,141,1,4292,63.87500000000001,Medium
0,4,1106.53,Loyal,5,4,4,544,0,4293,554.465,High
227,1,413.46,Churn Likely,1,2,2,122,1,4294,161.63,High
127,2,180.85,At Risk,2,3,1,231,0,4295,65.62499999999999,Medium
39,2,251.87,Regular,3,3,2,332,0,4296,118.735,High
30,11,3170.98,VIP,4,5,5,455,0,4297,1582.79,High
196,2,588.85,Churn Likely,1,3,3,133,1,4298,255.82500000000005,High
8,34,16594.35,VIP,5,5,5,555,0,4299,8305.775,High
36,6,1869.82,Loyal,3,5,4,354,0,4300,929.5099999999999,High
100,3,1264.19,Regular,2,4,4,244,0,4301,612.995,High
42,16,10196.57,Loyal,3,5,5,355,0,4302,5094.685,High
49,1,214.32,Regular,3,2,1,321,0,4303,97.66,High
42,1,193.44,Regular,3,2,1,321,0,4304,88.61999999999999,High
52,1,281.42,Regular,3,2,2,322,0,4305,130.61,High
186,1,124.57,Churn Likely,1,2,1,121,1,4306,25.38499999999999,Low
333,1,332.41,Churn Likely,1,2,2,122,1,4307,99.90500000000002,High
3,3,342.45,Loyal,5,4,2,542,0,4308,171.525,High
9,2,144.91000000000003,Regular,5,3,1,531,0,4309,71.25500000000001,High
23,2,328.4,Regular,4,3,2,432,0,4310,160.2,High
14,1,35.400000000000006,Regular,4,2,1,421,0,4311,15.200000000000003,Low
368,1,375.69000000000005,Lost,1,2,2,122,1,4312,114.54500000000003,High
144,2,747.81,At Risk,2,3,3,233,0,4313,345.705,High
59,2,173.76,Regular,3,3,1,331,0,4314,75.67999999999999,High
30,2,502.8,Regular,4,3,3,433,0,4315,246.0,High
140,3,207.73999999999998,At Risk,2,4,1,241,0,4316,76.77,High
22,4,817.12,Loyal,4,4,3,443,0,4317,405.36,High
21,6,2812.34,VIP,4,5,5,455,0,4318,1403.77,High
76,3,680.02,Regular,2,4,3,243,0,4319,325.71,High
4,6,7123.62,VIP,5,5,5,555,0,4320,3562.81,High
66,5,2095.53,Regular,3,4,5,345,0,4321,1036.065,High
11,6,846.62,VIP,5,5,3,553,0,4322,422.91,High
83,1,13.3,Regular,2,2,1,221,0,4323,-9.650000000000002,Low
30,7,1491.43,VIP,4,5,4,454,0,4324,741.815,High
66,1,432.0,Regular,3,2,2,322,0,4325,203.10000000000002,High
66,3,705.12,Regular,3,4,3,343,0,4326,340.26,High
186,2,272.48,Churn Likely,1,3,2,132,1,4327,99.64,High
37,2,429.84000000000003,Regular,3,3,2,332,0,4328,208.12,High
14,3,450.41,Loyal,4,4,2,442,0,4329,223.305,High
34,1,192.32999999999998,Regular,3,2,1,321,0,4330,89.66499999999999,High
194,3,1578.67,Churn Likely,1,4,4,144,1,4331,751.4350000000001,High
1,5,742.43,VIP,5,4,3,543,0,4332,372.515,High
0,5,518.19,VIP,5,4,3,543,0,4333,260.595,High
366,1,145.93,Lost,1,2,1,121,1,4334,0.06499999999999773,Low
64,1,202.27,Regular,3,2,1,321,0,4335,88.635,High
298,2,289.78,Churn Likely,1,3,2,132,1,4336,85.88999999999999,High
25,3,501.03,Loyal,4,4,3,443,0,4337,246.415,High
7,6,1271.06,VIP,5,5,4,554,0,4338,635.93,High
16,3,887.11,Loyal,4,4,3,443,0,4339,441.255,High
115,1,1706.88,Regular,2,2,4,224,0,4340,830.74,High
28,1,363.2,Regular,4,2,2,422,0,4341,176.3,High
3,16,3653.75,VIP,5,5,5,555,0,4342,1831.075,High
4,7,3037.6,VIP,5,5,5,555,0,4343,1520.1,High
81,4,559.59,Regular,2,4,3,243,0,4344,264.795,High
28,5,928.76,VIP,4,4,3,443,0,4345,460.28,High
71,1,379.14,Regular,3,2,2,322,0,4346,175.67000000000002,High
3,8,1508.96,VIP,5,5,4,554,0,4347,756.28,High
28,11,2555.58,VIP,4,5,5,455,0,4348,1275.49,High
289,1,113.44,Churn Likely,1,2,1,121,1,4349,-0.7800000000000082,Low
35,1,183.76,Regular,3,2,1,321,0,4350,85.17999999999999,High
8,6,621.6800000000001,VIP,5,5,3,553,0,4351,311.04,High
23,2,562.41,Regular,4,3,3,433,0,4352,277.205,High
276,1,391.52,Churn Likely,1,2,2,122,1,4353,140.86,High
49,6,1068.82,Loyal,3,5,4,354,0,4354,526.41,High
155,11,2592.25,At Risk,2,5,5,255,0,4355,1268.425,High
60,1,154.18,Regular,3,2,1,321,0,4356,65.39,Medium
11,19,7069.08,VIP,5,5,5,555,0,4357,3538.04,High
20,3,829.89,Loyal,4,4,3,443,0,4358,411.84499999999997,High
370,1,230.25,Lost,1,2,1,121,1,4359,41.425,Medium
115,3,543.05,Regular,2,4,3,243,0,4360,249.42499999999995,High
79,17,2814.7,Regular,2,5,5,255,0,4361,1396.6499999999999,High
3,7,1295.39,VIP,5,5,4,554,0,4362,649.195,High
25,3,378.89,Loyal,4,4,2,442,0,4363,185.345,High
4,21,4554.87,VIP,5,5,5,555,0,4364,2282.935,High
52,1,150.23000000000002,Regular,3,2,1,321,0,4365,65.015,Medium
0,2,563.23,Regular,5,3,3,533,0,4366,282.21500000000003,High
54,2,931.03,Regular,3,3,3,333,0,4367,455.315,High
25,1,261.9,Regular,4,2,2,422,0,4368,126.25,High
8,4,2711.6800000000003,Loyal,5,4,5,545,0,4369,1355.4400000000003,High
51,3,3049.88,Loyal,3,4,5,345,0,4370,1515.64,High
12,9,1904.99,VIP,5,5,4,554,0,4371,952.7950000000001,High
211,3,816.73,Churn Likely,1,4,3,143,1,4372,367.065,High
21,19,4345.5,VIP,4,5,5,455,0,4373,2174.25,High
235,1,406.48,Churn Likely,1,2,2,122,1,4374,156.54000000000002,High
138,3,435.02,At Risk,2,4,2,242,0,4375,190.81,High
3,6,1286.27,VIP,5,5,4,554,0,4376,644.3349999999999,High
56,3,1178.56,Loyal,3,4,4,344,0,4377,578.9799999999999,High
134,3,1277.75,At Risk,2,4,4,244,0,4378,612.975,High
108,2,167.61,Regular,2,3,1,231,0,4379,62.805,Medium
29,1,20.8,Regular,4,2,1,421,0,4380,4.9,Low
0,9,2085.08,VIP,5,5,5,555,0,4381,1045.24,High
184,4,518.67,Churn Likely,1,4,3,143,1,4382,223.73499999999996,High
17,1,308.74,Regular,4,2,2,422,0,4383,151.27,High
238,2,416.64,Churn Likely,1,3,2,132,1,4384,161.32,High
86,1,117.35000000000001,Regular,2,2,1,221,0,4385,41.775000000000006,Medium
38,3,507.05,Loyal,3,4,3,343,0,4386,246.82500000000002,High
115,1,234.17,Regular,2,2,1,221,0,4387,94.38499999999999,High
186,1,110.55000000000001,Churn Likely,1,2,1,121,1,4388,18.375,Low
226,1,201.19,Churn Likely,1,2,1,121,1,4389,55.69499999999999,Medium
7,7,2154.97,VIP,5,5,5,555,0,4390,1078.1849999999997,High
188,1,319.02,Churn Likely,1,2,2,122,1,4391,122.21000000000001,High
3,2,439.43,Regular,5,3,2,532,0,4392,219.715,High
38,3,650.41,Loyal,3,4,3,343,0,4393,318.50499999999994,High
37,1,357.21,Regular,3,2,2,322,0,4394,171.505,High
266,1,251.51999999999998,Churn Likely,1,2,2,122,1,4395,72.85999999999999,High
77,1,344.33,Regular,2,2,2,222,0,4396,157.065,High
3,6,1852.0,VIP,5,5,4,554,0,4397,927.1999999999999,High
254,2,1028.46,Churn Likely,1,3,4,134,1,4398,464.03000000000003,High
60,1,384.06,Regular,3,2,2,322,0,4399,180.33,High
12,7,1905.87,VIP,5,5,4,554,0,4400,952.635,High
87,2,4459.52,Regular,2,3,5,235,0,4401,2212.96,High
16,10,5464.12,VIP,4,5,5,455,0,4402,2731.86,High
29,2,1873.2,Regular,4,3,4,434,0,4403,931.4000000000001,High
2,7,1616.8,VIP,5,5,4,554,0,4404,810.1,High
4,1,126.12,Regular,5,2,1,521,0,4405,62.56,Medium
6,6,1133.25,VIP,5,5,4,554,0,4406,567.2249999999999,High
218,1,179.0,Churn Likely,1,2,1,121,1,4407,46.199999999999996,Medium
10,5,1614.31,VIP,5,4,4,544,0,4408,806.655,High
29,6,1456.96,VIP,4,5,4,454,0,4409,724.48,High
287,3,702.0,Churn Likely,1,4,3,143,1,4410,294.5,High
149,4,295.0,At Risk,2,4,2,242,0,4411,118.89999999999999,High
22,2,484.82,Regular,4,3,2,432,0,4412,238.60999999999999,High
0,11,3989.57,VIP,5,5,5,555,0,4413,1998.085,High
85,3,1493.73,Regular,2,4,4,244,0,4414,730.765,High
45,2,1312.1399999999999,Regular,3,3,4,334,0,4415,647.67,High
4,4,781.78,Loyal,5,4,3,543,0,4416,391.28999999999996,High
50,6,889.9300000000001,Loyal,3,5,3,353,0,4417,436.76500000000004,High
17,1,195.36,Regular,4,2,1,421,0,4418,94.58,High
29,1,270.9,Regular,4,2,2,422,0,4419,129.95,High
7,3,583.4300000000001,Loyal,5,4,3,543,0,4420,291.21500000000003,High
28,3,1838.6100000000001,Loyal,4,4,4,444,0,4421,914.605,High
2,20,8694.26,VIP,5,5,5,555,0,4422,4352.7300000000005,High
40,2,920.1,Regular,3,3,3,333,0,4423,452.65000000000003,High
10,4,1258.08,Loyal,5,4,4,544,0,4424,628.24,High
30,1,71.0,Regular,4,2,1,421,0,4425,29.799999999999997,Low
44,3,95.85,Loyal,3,4,1,341,0,4426,40.02499999999999,Medium
60,3,357.77,Loyal,3,4,2,342,0,4427,167.785,High
184,2,154.82999999999998,Churn Likely,1,3,1,131,1,4428,41.21499999999998,Medium
78,6,877.5600000000001,Regular,2,5,3,253,0,4429,424.98,High
110,2,716.0,Regular,2,3,3,233,0,4430,336.6,High
63,1,146.87,Regular,3,2,1,321,0,4431,61.135,Medium
11,2,380.35,Regular,5,3,2,532,0,4432,188.57500000000002,High
85,3,1030.14,Regular,2,4,4,244,0,4433,498.97,High
15,3,745.52,Loyal,4,4,3,443,0,4434,370.65999999999997,High
245,2,433.53000000000003,Churn Likely,1,3,2,132,1,4435,168.365,High
87,1,1267.32,Regular,2,2,4,224,0,4436,616.56,High
29,1,112.4,Regular,4,2,1,421,0,4437,50.7,Medium
137,1,449.73,At Risk,2,2,2,222,0,4438,197.76500000000001,High
26,3,1071.49,Loyal,4,4,4,444,0,4439,531.4449999999999,High
2,5,1036.58,VIP,5,4,4,544,0,4440,519.39,High
31,4,1735.18,Loyal,4,4,4,444,0,4441,862.59,High
24,1,948.48,Regular,4,2,4,424,0,4442,469.74,High
112,3,339.44,Regular,2,4,2,242,0,4443,148.22,High
156,1,642.02,At Risk,2,2,3,223,0,4444,290.11,High
84,3,1100.9,Regular,2,4,4,244,0,4445,534.5500000000001,High
117,3,925.35,Regular,2,4,3,243,0,4446,440.175,High
2,9,5655.03,VIP,5,5,5,555,0,4447,2829.8149999999996,High
95,6,3185.64,Regular,2,5,5,255,0,4448,1575.62,High
193,1,240.89000000000001,Churn Likely,1,2,1,121,1,4449,82.14500000000001,High
27,1,399.09,Regular,4,2,2,422,0,4450,194.445,High
130,1,498.48,At Risk,2,2,3,223,0,4451,223.54000000000002,High
27,5,1356.33,VIP,4,4,4,444,0,4452,674.265,High
81,3,1179.89,Regular,2,4,4,244,0,4453,574.645,High
29,5,3080.39,VIP,4,4,5,445,0,4454,1535.895,High
265,1,234.24,Churn Likely,1,2,1,121,1,4455,64.42,Medium
73,11,5232.2300000000005,Regular,2,5,5,255,0,4456,2604.8150000000005,High
313,4,533.33,Churn Likely,1,4,3,143,1,4457,205.26500000000001,High
20,7,1461.14,VIP,4,5,4,454,0,4458,728.6700000000001,High
58,3,855.45,Loyal,3,4,3,343,0,4459,417.025,High
11,21,4552.14,VIP,5,5,5,555,0,4460,2280.1700000000005,High
27,9,2709.7000000000003,VIP,4,5,5,455,0,4461,1352.15,High
113,1,304.24,Regular,2,2,2,222,0,4462,129.82000000000002,High
27,9,2429.03,VIP,4,5,5,455,0,4463,1211.815,High
17,4,1446.09,Loyal,4,4,4,444,0,4464,720.845,High
17,4,834.12,Loyal,4,4,3,443,0,4465,414.86,High
35,3,841.0799999999999,Loyal,3,4,3,343,0,4466,414.43999999999994,High
35,2,378.2,Regular,3,3,2,332,0,4467,182.7,High
77,1,118.80000000000001,Regular,2,2,1,221,0,4468,44.300000000000004,Medium
21,2,287.62,Regular,4,3,2,432,0,4469,140.21,High
24,2,288.91,Regular,4,3,2,432,0,4470,140.255,High
32,2,2003.85,Regular,4,3,4,434,0,4471,996.125,High
108,3,1405.78,Regular,2,4,4,244,0,4472,682.1899999999999,High
34,2,2747.9900000000002,Regular,3,3,5,335,0,4473,1367.795,High
122,5,1562.4,At Risk,2,4,4,244,0,4474,758.3000000000001,High
6,6,2050.08,VIP,5,5,4,554,0,4475,1025.6399999999999,High
27,4,1991.01,Loyal,4,4,4,444,0,4476,991.3050000000001,High
3,7,1974.65,VIP,5,5,4,554,0,4477,988.825,High
2,9,3827.76,VIP,5,5,5,555,0,4478,1916.18,High
49,4,1774.03,Loyal,3,4,4,344,0,4479,878.4150000000001,High
321,1,302.0,Churn Likely,1,2,2,122,1,4480,87.10000000000001,High
22,3,1324.16,Loyal,4,4,4,444,0,4481,658.58,High
14,4,1022.13,Loyal,4,4,4,444,0,4482,509.465,High
1,8,954.42,VIP,5,5,4,554,0,4483,479.40999999999997,High
17,2,971.74,Regular,4,3,4,434,0,4484,483.07000000000005,High
9,4,1621.73,Loyal,5,4,4,544,0,4485,810.2650000000001,High
261,1,25.5,Churn Likely,1,2,1,121,1,4486,-39.150000000000006,Low
158,2,665.78,At Risk,2,3,3,233,0,4487,301.89,High
32,6,10797.48,Loyal,4,5,5,455,0,4488,5394.14,High
28,6,881.29,VIP,4,5,3,453,0,4489,436.84499999999997,High
164,1,163.29999999999998,At Risk,2,2,1,221,0,4490,49.149999999999984,Medium
46,1,231.61,Regular,3,2,1,321,0,4491,106.905,High
5,8,801.12,VIP,5,5,3,553,0,4492,401.96,High
7,3,837.5,Loyal,5,4,3,543,0,4493,418.25,High
287,1,116.19999999999999,Churn Likely,1,2,1,121,1,4494,0.9999999999999858,Low
317,1,157.02,Churn Likely,1,2,1,121,1,4495,15.409999999999997,Low
2,2,606.91,Regular,5,3,3,533,0,4496,303.65500000000003,High
232,1,307.46,Churn Likely,1,2,2,122,1,4497,107.63,High
118,1,138.32,Regular,2,2,1,221,0,4498,45.85999999999999,Medium
161,1,345.29999999999995,At Risk,2,2,2,222,0,4499,140.75,High
184,1,294.24,Churn Likely,1,2,2,122,1,4500,110.62,High
49,1,230.5,Regular,3,2,1,321,0,4501,105.75,High
151,5,989.45,At Risk,2,4,4,244,0,4502,466.02500000000003,High
334,1,157.09,Churn Likely,1,2,1,121,1,4503,12.045000000000002,Low
4,5,2463.17,VIP,5,4,5,545,0,4504,1232.285,High
15,7,4892.240000000001,VIP,4,5,5,455,0,4505,2445.2200000000003,High
106,2,413.2,Regular,2,3,2,232,0,4506,186.0,High
15,7,1139.73,VIP,4,5,4,454,0,4507,568.965,High
275,1,380.5,Churn Likely,1,2,2,122,1,4508,135.55,High
15,12,10650.77,VIP,4,5,5,455,0,4509,5325.985000000001,High
246,1,454.12,Churn Likely,1,2,2,122,1,4510,178.16000000000003,High
238,1,579.0,Churn Likely,1,2,3,123,1,4511,242.20000000000002,High
0,2,984.57,Regular,5,3,4,534,0,4512,492.88500000000005,High
105,3,749.78,Regular,2,4,3,243,0,4513,354.78999999999996,High
22,4,1714.59,Loyal,4,4,4,444,0,4514,854.095,High
51,1,124.88,Regular,3,2,1,321,0,4515,52.53999999999999,Medium
194,3,1689.5,Churn Likely,1,4,4,144,1,4516,806.85,High
23,1,213.78,Regular,4,2,1,421,0,4517,102.59,High
74,1,329.34,Regular,2,2,2,222,0,4518,150.17,High
17,2,251.70000000000002,Regular,4,3,2,432,0,4519,123.05,High
7,2,319.0,Regular,5,3,2,532,0,4520,158.7,High
31,3,1266.97,Loyal,4,4,4,444,0,4521,628.185,High
21,3,1538.88,Loyal,4,4,4,444,0,4522,766.14,High
30,6,3518.03,VIP,4,5,5,455,0,4523,1754.815,High
28,10,1715.46,VIP,4,5,4,454,0,4524,855.13,High
21,2,293.1,Regular,4,3,2,432,0,4525,142.95000000000002,High
32,7,2467.35,Loyal,4,5,5,455,0,4526,1229.3749999999998,High
283,1,158.68,Churn Likely,1,2,1,121,1,4527,23.04,Low
38,2,206.34,Regular,3,3,1,331,0,4528,96.17,High
57,2,835.78,Regular,3,3,3,333,0,4529,407.09000000000003,High
288,1,224.91,Churn Likely,1,2,1,121,1,4530,55.154999999999994,Medium
78,1,317.76,Regular,2,2,2,222,0,4531,143.58,High
4,8,3766.6,VIP,5,5,5,555,0,4532,1884.9,High
217,1,59.9,Churn Likely,1,2,1,121,1,4533,-13.150000000000006,Low
43,4,1443.69,Loyal,3,4,4,344,0,4534,714.445,High
201,1,306.13,Churn Likely,1,2,2,122,1,4535,113.165,High
177,3,711.79,At Risk,2,4,3,243,0,4536,321.395,High
55,4,783.97,Loyal,3,4,3,343,0,4537,382.185,High
56,2,239.92000000000002,Regular,3,3,1,331,0,4538,109.36,High
7,6,3347.31,VIP,5,5,5,555,0,4539,1674.0549999999998,High
46,2,144.0,Regular,3,3,1,331,0,4540,63.39999999999999,Medium
226,1,203.95,Churn Likely,1,2,1,121,1,4541,57.07499999999999,Medium
10,7,2474.23,VIP,5,5,5,555,0,4542,1237.215,High
105,2,383.75,Regular,2,3,2,232,0,4543,171.475,High
58,2,444.74,Regular,3,3,2,332,0,4544,211.37,High
27,7,2093.68,VIP,4,5,5,455,0,4545,1043.5399999999997,High
35,7,1699.3000000000002,Loyal,3,5,4,354,0,4546,844.7500000000001,High
273,2,262.62,Churn Likely,1,3,2,132,1,4547,77.31,High
29,1,1013.01,Regular,4,2,4,424,0,4548,501.005,High
23,3,692.22,Loyal,4,4,3,443,0,4549,342.40999999999997,High
53,1,289.78,Regular,3,2,2,322,0,4550,134.59,High
35,6,3560.08,Loyal,3,5,5,355,0,4551,1774.84,High
174,4,1564.56,At Risk,2,4,4,244,0,4552,748.6800000000001,High
53,1,384.08,Regular,3,2,2,322,0,4553,181.74,High
52,1,204.24,Regular,3,2,1,321,0,4554,92.02,High
26,8,2317.2200000000003,VIP,4,5,5,455,0,4555,1155.8100000000002,High
252,1,226.85,Churn Likely,1,2,1,121,1,4556,63.32499999999999,Medium
39,7,2781.23,Loyal,3,5,5,355,0,4557,1384.915,High
59,6,1059.1200000000001,Loyal,3,5,4,354,0,4558,519.5600000000001,High
233,1,113.5,Churn Likely,1,2,1,121,1,4559,10.449999999999996,Low
3,10,1951.97,VIP,5,5,4,554,0,4560,978.385,High
31,1,114.23,Regular,4,2,1,421,0,4561,51.214999999999996,Medium
23,14,3187.55,VIP,4,5,5,455,0,4562,1593.3750000000002,High
6,2,334.48,Regular,5,3,2,532,0,4563,166.64000000000001,High
64,1,328.65,Regular,3,2,2,322,0,4564,151.825,High
309,2,416.89,Churn Likely,1,3,2,132,1,4565,147.24499999999998,High
308,1,393.49,Churn Likely,1,2,2,122,1,4566,135.44500000000002,High
18,6,939.32,VIP,4,5,4,454,0,4567,467.86,High
15,8,1906.09,VIP,4,5,4,454,0,4568,952.4449999999999,High
95,2,318.76,Regular,2,3,2,232,0,4569,140.98,High
263,8,3638.41,Churn Likely,1,5,5,155,1,4570,1769.005,High
11,10,3124.72,VIP,5,5,5,555,0,4571,1563.1599999999999,High
2,2,417.77,Regular,5,3,2,532,0,4572,209.08499999999998,High
34,1,190.88,Regular,3,2,1,321,0,4573,88.94,High
182,1,149.89000000000001,Churn Likely,1,2,1,121,1,4574,38.845000000000006,Low
24,2,550.06,Regular,4,3,3,433,0,4575,270.83,High
12,6,916.13,VIP,5,5,3,553,0,4576,457.46500000000003,High
10,2,314.69,Regular,5,3,2,532,0,4577,155.945,High
2,17,3719.1,VIP,5,5,5,555,0,4578,1864.2499999999998,High
312,1,382.5,Churn Likely,1,2,2,122,1,4579,129.15,High
107,2,1135.04,Regular,2,3,4,234,0,4580,546.72,High
0,26,8540.05,VIP,5,5,5,555,0,4581,4277.825,High
52,1,954.9,Regular,3,2,4,324,0,4582,467.35,High
204,1,171.45,Churn Likely,1,2,1,121,1,4583,45.22499999999999,Medium
14,1,280.09000000000003,Regular,4,2,2,422,0,4584,137.54500000000002,High
119,1,318.65,Regular,2,2,2,222,0,4585,135.825,High
3,2,381.97,Regular,5,3,2,532,0,4586,190.985,High
362,1,269.83,Churn Likely,1,2,2,122,1,4587,62.815,Medium
116,2,348.91,Regular,2,3,2,232,0,4588,151.85500000000002,High
17,1,178.26,Regular,4,2,1,421,0,4589,86.02999999999999,High
4,2,271.19,Regular,5,3,2,532,0,4590,135.39499999999998,High
40,2,291.48,Regular,3,3,2,332,0,4591,138.34,High
106,2,240.0,Regular,2,3,1,231,0,4592,99.39999999999999,High
147,2,581.23,At Risk,2,3,3,233,0,4593,261.81500000000005,High
51,5,1253.3600000000001,Loyal,3,4,4,344,0,4594,617.98,High
207,1,63.440000000000005,Churn Likely,1,2,1,121,1,4595,-9.380000000000003,Low
138,2,550.01,At Risk,2,3,3,233,0,4596,248.00500000000002,High
1,3,296.58,Loyal,5,4,2,542,0,4597,148.99,High
126,2,317.2,At Risk,2,3,2,232,0,4598,134.0,High
107,4,763.64,Regular,2,4,3,243,0,4599,361.62,High
41,4,2148.63,Loyal,3,4,5,345,0,4600,1067.315,High
34,1,107.82,Regular,3,2,1,321,0,4601,47.41,Medium
227,2,1065.3500000000001,Churn Likely,1,3,4,134,1,4602,487.8750000000001,High
240,1,246.04,Churn Likely,1,2,1,121,1,4603,75.32,High
57,1,187.82999999999998,Regular,3,2,1,321,0,4604,82.81499999999998,High
129,3,1685.46,At Risk,2,4,4,244,0,4605,817.83,High
59,6,1647.48,Loyal,3,5,4,354,0,4606,813.74,High
21,1,151.37,Regular,4,2,1,421,0,4607,71.785,High
25,7,1049.06,VIP,4,5,4,454,0,4608,521.63,High
8,7,1417.63,VIP,5,5,4,554,0,4609,709.315,High
31,3,931.02,Loyal,4,4,3,443,0,4610,460.21,High
3,2,513.01,Regular,5,3,3,533,0,4611,256.505,High
307,1,550.8000000000001,Churn Likely,1,2,3,123,1,4612,214.30000000000004,High
7,9,1854.06,VIP,5,5,4,554,0,4613,928.33,High
28,3,547.0,Loyal,4,4,3,443,0,4614,268.79999999999995,High
16,1,128.18,Regular,4,2,1,421,0,4615,61.19,Medium
100,2,498.42,Regular,2,3,3,233,0,4616,229.81,High
11,4,656.61,Loyal,5,4,3,543,0,4617,327.305,High
20,1,163.24,Regular,4,2,1,421,0,4618,77.92,High
14,5,1135.63,VIP,4,4,4,444,0,4619,566.5150000000001,High
360,1,250.04,Churn Likely,1,2,2,122,1,4620,53.31999999999999,Medium
10,19,8631.31,VIP,5,5,5,555,0,4621,4319.355,High
94,1,82.75,Regular,2,2,1,221,0,4622,22.874999999999996,Low
77,2,1384.85,Regular,2,3,4,234,0,4623,677.625,High
138,3,644.3,At Risk,2,4,3,243,0,4624,295.44999999999993,High
30,1,2328.84,Regular,4,2,5,425,0,4625,1158.72,High
24,8,2527.92,VIP,4,5,5,455,0,4626,1261.5600000000002,High
1,38,6281.23,VIP,5,5,5,555,0,4627,3151.815,High
45,3,2600.34,Loyal,3,4,5,345,0,4628,1292.0700000000002,High
99,3,1200.6200000000001,Regular,2,4,4,244,0,4629,581.4100000000001,High
7,2,657.16,Regular,5,3,3,533,0,4630,327.78000000000003,High
14,7,906.52,VIP,4,5,3,453,0,4631,452.56,High
17,4,986.48,Loyal,4,4,4,444,0,4632,491.04,High
279,1,96.8,Churn Likely,1,2,1,121,1,4633,-7.1000000000000085,Low
13,2,523.11,Regular,4,3,3,433,0,4634,259.555,High
22,2,363.9,Regular,4,3,2,432,0,4635,178.14999999999998,High
123,1,175.2,At Risk,2,2,1,221,0,4636,63.29999999999999,Medium
85,1,494.25,Regular,2,2,3,223,0,4637,230.425,High
301,2,307.02,Churn Likely,1,3,2,132,1,4638,93.90999999999998,High
150,4,1981.06,At Risk,2,4,4,244,0,4639,961.73,High
16,8,6493.54,VIP,4,5,5,455,0,4640,3245.9700000000003,High
93,2,243.36,Regular,2,3,1,231,0,4641,103.68,High
29,11,12353.29,VIP,4,5,5,455,0,4642,6174.145,High
156,3,682.29,At Risk,2,4,3,243,0,4643,310.84499999999997,High
354,1,193.64,Churn Likely,1,2,1,121,1,4644,26.319999999999993,Low
45,1,157.62,Regular,3,2,1,321,0,4645,70.11,High
14,4,519.6899999999999,Loyal,4,4,3,443,0,4646,258.24499999999995,High
3,15,2622.88,VIP,5,5,5,555,0,4647,1315.3400000000001,High
85,1,228.96,Regular,2,2,1,221,0,4648,97.78,High
14,5,1156.6,VIP,4,4,4,444,0,4649,577.0,High
178,1,98.25,At Risk,2,2,1,221,0,4650,13.824999999999996,Low
7,4,1281.32,Loyal,5,4,4,544,0,4651,640.46,High
35,3,587.15,Loyal,3,4,3,343,0,4652,287.47499999999997,High
128,2,1740.0,At Risk,2,3,4,234,0,4653,845.0,High
50,1,1393.06,Regular,3,2,4,324,0,4654,686.8299999999999,High
311,1,178.22,Churn Likely,1,2,1,121,1,4655,27.209999999999994,Low
23,2,384.39,Regular,4,3,2,432,0,4656,188.195,High
302,2,360.81,Churn Likely,1,3,2,132,1,4657,120.60499999999999,High
10,1,127.86,Regular,5,2,1,521,0,4658,62.230000000000004,Medium
16,3,568.24,Loyal,4,4,3,443,0,4659,281.82,High
48,3,488.2,Loyal,3,4,3,343,0,4660,235.4,High
238,2,312.23,Churn Likely,1,3,2,132,1,4661,109.11500000000001,High
0,11,4462.68,VIP,5,5,5,555,0,4662,2234.6400000000003,High
12,8,4767.36,VIP,5,5,5,555,0,4663,2383.68,High
237,1,167.55,Churn Likely,1,2,1,121,1,4664,36.675,Low
22,8,1878.87,VIP,4,5,4,454,0,4665,937.435,High
72,4,446.18,Regular,2,4,2,242,0,4666,209.89,High
16,3,418.4,Loyal,4,4,2,442,0,4667,206.9,High
40,8,1337.18,Loyal,3,5,4,354,0,4668,662.99,High
39,4,646.92,Loyal,3,4,3,343,0,4669,316.85999999999996,High
218,2,495.77,Churn Likely,1,3,3,133,1,4670,204.885,High
198,3,400.1,Churn Likely,1,4,2,142,1,4671,161.35000000000002,High
70,2,203.2,Regular,3,3,1,331,0,4672,88.19999999999999,High
23,20,4058.32,VIP,4,5,5,455,0,4673,2030.5600000000002,High
10,1,389.71999999999997,Regular,5,2,2,522,0,4674,193.16,High
8,29,20275.61,VIP,5,5,5,555,0,4675,10144.905,High
64,1,65.4,Regular,3,2,1,321,0,4676,20.2,Low
3,1,193.39000000000001,Regular,5,2,1,521,0,4677,96.39500000000001,High
18,2,336.4,Regular,4,3,2,432,0,4678,165.2,High
14,1,256.11,Regular,4,2,2,422,0,4679,125.55500000000002,High
7,6,2686.42,VIP,5,5,5,555,0,4680,1343.61,High
19,2,746.81,Regular,4,3,3,433,0,4681,370.205,High
77,4,1259.56,Regular,2,4,4,244,0,4682,615.58,High
0,34,31833.68,VIP,5,5,5,555,0,4683,15927.04,High
163,2,508.8,At Risk,2,3,3,233,0,4684,222.4,High
306,2,417.27,Churn Likely,1,3,2,132,1,4685,148.03499999999997,High
218,1,203.86999999999998,Churn Likely,1,2,1,121,1,4686,58.634999999999984,Medium
38,8,7330.8,Loyal,3,5,5,355,0,4687,3660.2000000000003,High
21,2,681.41,Regular,4,3,3,433,0,4688,337.105,High
114,3,653.38,Regular,2,4,3,243,0,4689,304.78999999999996,High
125,5,2097.84,At Risk,2,4,5,245,0,4690,1025.42,High
4,13,2633.85,VIP,5,5,5,555,0,4691,1320.025,High
35,1,263.92,Regular,3,2,2,322,0,4692,125.26000000000002,High
3,15,31906.82,VIP,5,5,5,555,0,4693,15957.31,High
0,3,1031.41,Loyal,5,4,4,544,0,4694,516.605,High
332,3,2184.42,Churn Likely,1,4,5,145,1,4695,1026.71,High
162,1,32.65,At Risk,2,2,1,221,0,4696,-15.774999999999999,Low
184,2,771.85,Churn Likely,1,3,3,133,1,4697,349.725,High
15,5,1214.72,VIP,4,4,4,444,0,4698,605.86,High
11,3,778.94,Loyal,5,4,3,543,0,4699,388.17,High
2,7,1258.06,VIP,5,5,4,554,0,4700,630.73,High
43,2,778.0,Regular,3,3,3,333,0,4701,381.0,High
79,1,507.84,Regular,2,2,3,223,0,4702,238.42,High
29,7,6893.42,VIP,4,5,5,455,0,4703,3443.0099999999998,High
41,2,463.46000000000004,Regular,3,3,2,332,0,4704,224.13000000000002,High
10,12,4226.57,VIP,5,5,5,555,0,4705,2114.8849999999998,High
49,3,598.83,Loyal,3,4,3,343,0,4706,290.515,High
15,6,1979.37,VIP,4,5,4,454,0,4707,988.4849999999999,High
45,2,698.41,Regular,3,3,3,333,0,4708,340.805,High
18,2,759.17,Regular,4,3,3,433,0,4709,376.585,High
7,6,5037.26,VIP,5,5,5,555,0,4710,2519.03,High
71,1,100.8,Regular,3,2,1,321,0,4711,36.49999999999999,Low
0,28,17256.85,VIP,5,5,5,555,0,4712,8636.824999999999,High
127,3,524.9200000000001,At Risk,2,4,3,243,0,4713,237.96,High
32,2,265.76,Regular,4,3,2,432,0,4714,127.07999999999998,High
312,1,403.3,Churn Likely,1,2,2,122,1,4715,139.55,High
17,2,365.76,Regular,4,3,2,432,0,4716,180.07999999999998,High
87,1,303.15999999999997,Regular,2,2,2,222,0,4717,134.48,High
1,7,2373.82,VIP,5,5,5,555,0,4718,1188.81,High
1,2,216.29999999999998,Regular,5,3,1,531,0,4719,108.54999999999998,High
253,1,388.45000000000005,Churn Likely,1,2,2,122,1,4720,143.92500000000004,High
156,3,186.42000000000002,At Risk,2,4,1,241,0,4721,62.91000000000001,Medium
36,6,2248.56,Loyal,3,5,5,355,0,4722,1118.8799999999999,High
219,1,534.24,Churn Likely,1,2,3,123,1,4723,223.62,High
147,3,2940.04,At Risk,2,4,5,245,0,4724,1441.52,High
176,2,120.9,At Risk,2,3,1,231,0,4725,25.85,Low
39,2,541.53,Regular,3,3,3,333,0,4726,263.565,High
1,7,2519.21,VIP,5,5,5,555,0,4727,1261.5049999999999,High
7,46,194390.79,VIP,5,5,5,555,0,4728,97207.79500000001,High
0,7,1721.4,VIP,5,5,4,554,0,4729,862.8000000000001,High
17,2,486.71999999999997,Regular,4,3,2,432,0,4730,240.55999999999997,High
191,4,517.53,Churn Likely,1,4,3,143,1,4731,221.765,High
203,1,131.7,Churn Likely,1,2,1,121,1,4732,25.54999999999999,Low
364,1,249.86,Churn Likely,1,2,2,122,1,4733,52.43000000000001,Medium
126,5,1737.7,At Risk,2,4,4,244,0,4734,845.15,High
14,1,316.5,Regular,4,2,2,422,0,4735,155.75,High
42,2,657.3,Regular,3,3,3,333,0,4736,320.85,High
93,6,622.4300000000001,Regular,2,5,3,253,0,4737,294.415,High
22,3,735.82,Loyal,4,4,3,443,0,4738,364.41,High
59,2,675.69,Regular,3,3,3,333,0,4739,326.64500000000004,High
15,5,1875.86,VIP,4,4,4,444,0,4740,936.43,High
157,1,289.96000000000004,At Risk,2,2,2,222,0,4741,113.88000000000002,High
9,2,763.28,Regular,5,3,3,533,0,4742,380.44,High
9,2,137.0,Regular,5,3,1,531,0,4743,67.3,Medium
15,5,1870.97,VIP,4,4,4,444,0,4744,933.985,High
44,5,1125.07,Loyal,3,4,4,344,0,4745,555.235,High
190,3,697.54,Churn Likely,1,4,3,143,1,4746,311.66999999999996,High
78,1,194.37,Regular,2,2,1,221,0,4747,81.88499999999999,High
77,1,511.82,Regular,2,2,3,223,0,4748,240.80999999999997,High
3,4,1255.59,Loyal,5,4,4,544,0,4749,628.395,High
64,3,414.04,Regular,3,4,2,342,0,4750,195.12,High
260,1,396.87,Churn Likely,1,2,2,122,1,4751,146.735,High
58,2,376.64,Regular,3,3,2,332,0,4752,177.32,High
0,7,2092.32,VIP,5,5,5,555,0,4753,1048.26,High
0,10,3558.87,VIP,5,5,5,555,0,4754,1782.435,High
247,1,374.57,Churn Likely,1,2,2,122,1,4755,138.185,High
7,2,497.56,Regular,5,3,3,533,0,4756,247.98,High
358,1,271.05,Churn Likely,1,2,2,122,1,4757,64.22500000000001,Medium
75,1,272.22,Regular,2,2,2,222,0,4758,121.41000000000003,High
289,1,622.88,Churn Likely,1,2,3,123,1,4759,253.94,High
16,3,1138.0,Loyal,4,4,4,444,0,4760,566.6999999999999,High
220,2,288.6,Churn Likely,1,3,2,132,1,4761,100.9,High
8,4,689.1,Loyal,5,4,3,543,0,4762,344.15,High
2,2,558.96,Regular,5,3,3,533,0,4763,279.68000000000006,High
205,9,2997.0299999999997,Churn Likely,1,5,5,155,1,4764,1460.215,High
161,2,1145.84,At Risk,2,3,4,234,0,4765,541.3199999999999,High
75,1,302.2,Regular,2,2,2,222,0,4766,136.4,High
261,2,605.58,Churn Likely,1,3,3,133,1,4767,251.19000000000005,High
280,1,387.31,Churn Likely,1,2,2,122,1,4768,137.955,High
57,8,6083.64,Loyal,3,5,5,355,0,4769,3032.82,High
24,1,308.48,Regular,4,2,2,422,0,4770,149.74,High
2,31,91062.38,VIP,5,5,5,555,0,4771,45540.090000000004,High
28,10,2924.9900000000002,VIP,4,5,5,455,0,4772,1459.8950000000002,High
71,1,513.2,Regular,3,2,3,323,0,4773,242.70000000000005,High
127,1,208.65,At Risk,2,2,1,221,0,4774,79.225,High
30,4,639.02,Loyal,4,4,3,443,0,4775,314.71,High
14,5,764.88,VIP,4,4,3,443,0,4776,381.14,High
308,1,153.94,Churn Likely,1,2,1,121,1,4777,15.669999999999995,Low
16,6,1844.02,VIP,4,5,4,454,0,4778,920.6099999999999,High
53,1,546.81,Regular,3,2,3,323,0,4779,263.10499999999996,High
29,3,723.2099999999999,Loyal,4,4,3,443,0,4780,356.7049999999999,High
1,5,1070.71,VIP,5,4,4,544,0,4781,536.655,High
10,4,652.74,Loyal,5,4,3,543,0,4782,325.57,High
360,1,145.0,Churn Likely,1,2,1,121,1,4783,0.7999999999999972,Low
359,1,422.70000000000005,Churn Likely,1,2,2,122,1,4784,139.85000000000002,High
4,4,1195.8999999999999,Loyal,5,4,4,544,0,4785,598.35,High
53,4,939.37,Loyal,3,4,4,344,0,4786,460.28499999999997,High
0,8,3628.5,VIP,5,5,5,555,0,4787,1816.65,High
0,10,2367.12,VIP,5,5,5,555,0,4788,1186.56,High
189,1,296.7,Churn Likely,1,2,2,122,1,4789,110.85,High
53,1,223.36,Regular,3,2,1,321,0,4790,101.38,High
279,1,164.4,Churn Likely,1,2,1,121,1,4791,26.699999999999996,Low
176,1,76.5,At Risk,2,2,1,221,0,4792,3.3499999999999943,Low
29,2,887.67,Regular,4,3,3,433,0,4793,438.635,High
25,1,98.42,Regular,4,2,1,421,0,4794,44.51,Medium
24,2,578.9,Regular,4,3,3,433,0,4795,285.25,High
269,1,170.75,Churn Likely,1,2,1,121,1,4796,31.874999999999993,Low
42,3,642.32,Loyal,3,4,3,343,0,4797,313.66,High
233,1,103.3,Churn Likely,1,2,1,121,1,4798,5.349999999999994,Low
23,2,148.86,Regular,4,3,1,431,0,4799,70.43,High
196,3,267.16,Churn Likely,1,4,2,142,1,4800,95.28000000000002,High
358,1,290.34,Churn Likely,1,2,2,122,1,4801,73.86999999999999,High
59,4,930.41,Loyal,3,4,3,343,0,4802,454.60499999999996,High
129,1,1487.6,At Risk,2,2,4,224,0,4803,718.3,High
0,5,1952.45,VIP,5,4,4,544,0,4804,977.725,High
19,2,480.31,Regular,4,3,2,432,0,4805,236.95499999999998,High
205,1,157.9,Churn Likely,1,2,1,121,1,4806,38.25,Low
13,3,541.46,Loyal,4,4,3,443,0,4807,269.03,High
94,4,854.95,Regular,2,4,3,243,0,4808,409.875,High
18,1,165.12,Regular,4,2,1,421,0,4809,79.26,High
13,7,1122.38,VIP,4,5,4,454,0,4810,560.69,High
23,3,454.01,Loyal,4,4,2,442,0,4811,223.305,High
7,2,869.77,Regular,5,3,3,533,0,4812,434.08500000000004,High
6,8,4331.48,VIP,5,5,5,555,0,4813,2166.94,High
331,1,344.14,Churn Likely,1,2,2,122,1,4814,106.17,High
49,4,1425.67,Loyal,3,4,4,344,0,4815,704.2350000000001,High
70,4,226.75000000000003,Regular,3,4,1,341,0,4816,100.57500000000002,High
28,3,380.6,Loyal,4,4,2,442,0,4817,185.60000000000002,High
242,1,185.65,Churn Likely,1,2,1,121,1,4818,44.724999999999994,Medium
7,19,3564.83,VIP,5,5,5,555,0,4819,1786.715,High
217,1,143.45999999999998,Churn Likely,1,2,1,121,1,4820,28.62999999999998,Low
4,3,448.90000000000003,Loyal,5,4,2,542,0,4821,224.55,High
252,3,215.72,Churn Likely,1,4,1,141,1,4822,58.36,Medium
0,25,11025.24,VIP,5,5,5,555,0,4823,5520.12,High
235,1,175.27,Churn Likely,1,2,1,121,1,4824,40.935,Medium
6,2,1242.3,Regular,5,3,4,534,0,4825,620.55,High
108,4,1116.68,Regular,2,4,4,244,0,4826,537.94,High
99,3,1240.2,Regular,2,4,4,244,0,4827,601.2,High
59,4,2404.17,Loyal,3,4,5,345,0,4828,1191.4850000000001,High
1,3,1468.02,Loyal,5,4,4,544,0,4829,734.7099999999999,High
72,7,2203.67,Regular,2,5,5,255,0,4830,1089.5349999999999,High
3,5,3923.86,VIP,5,4,5,545,0,4831,1962.8300000000002,High
84,2,993.18,Regular,2,3,4,234,0,4832,480.39,High
11,2,386.69,Regular,5,3,2,532,0,4833,191.745,High
22,7,2806.69,VIP,4,5,5,455,0,4834,1401.0449999999998,High
213,1,2044.3700000000001,Churn Likely,1,2,4,124,1,4835,979.885,High
17,1,161.67000000000002,Regular,4,2,1,421,0,4836,77.735,High
238,1,116.00999999999999,Churn Likely,1,2,1,121,1,4837,10.704999999999991,Low
1,6,5054.42,VIP,5,5,5,555,0,4838,2528.8100000000004,High
77,1,394.72,Regular,2,2,2,222,0,4839,182.26000000000002,High
216,2,309.36,Churn Likely,1,3,2,132,1,4840,112.08,High
32,2,191.99,Regular,4,3,1,431,0,4841,90.195,High
40,5,1105.78,Loyal,3,4,4,344,0,4842,546.39,High
6,15,3961.12,VIP,5,5,5,555,0,4843,1983.86,High
52,6,2048.45,Loyal,3,5,4,354,0,4844,1015.6249999999999,High
22,14,4544.55,VIP,4,5,5,455,0,4845,2272.075,High
56,1,386.32,Regular,3,2,2,322,0,4846,182.26000000000002,High
129,3,329.6,At Risk,2,4,2,242,0,4847,139.9,High
173,3,571.1999999999999,At Risk,2,4,3,243,0,4848,251.89999999999995,High
5,3,930.28,Loyal,5,4,3,543,0,4849,465.03999999999996,High
311,1,214.37,Churn Likely,1,2,1,121,1,4850,45.285,Medium
59,1,81.44,Regular,3,2,1,321,0,4851,29.219999999999995,Low
20,3,1379.9,Loyal,4,4,4,444,0,4852,686.85,High
32,1,527.0500000000001,Regular,4,2,3,423,0,4853,257.42500000000007,High
14,2,843.48,Regular,4,3,3,433,0,4854,419.54,High
17,4,2020.4,Loyal,4,4,4,444,0,4855,1008.0000000000001,High
80,1,75.75,Regular,2,2,1,221,0,4856,22.174999999999997,Low
5,8,1814.12,VIP,5,5,4,554,0,4857,908.4599999999999,High
169,2,503.59999999999997,At Risk,2,3,3,233,0,4858,218.59999999999997,High
1,3,528.33,Loyal,5,4,3,543,0,4859,264.865,High
30,4,1324.84,Loyal,4,4,4,444,0,4860,657.62,High
35,9,2358.59,Loyal,3,5,5,355,0,4861,1174.9950000000001,High
18,1,285.56,Regular,4,2,2,422,0,4862,139.48000000000002,High
30,2,547.0600000000001,Regular,4,3,3,433,0,4863,268.13000000000005,High
275,1,108.5,Churn Likely,1,2,1,121,1,4864,-0.45000000000000284,Low
86,1,621.66,Regular,2,2,3,223,0,4865,293.93,High
119,2,712.29,Regular,2,3,3,233,0,4866,332.945,High
372,1,101.55,Lost,1,2,1,121,1,4867,-23.32500000000001,Low
0,11,2895.64,VIP,5,5,5,555,0,4868,1451.12,High
218,3,1008.39,Churn Likely,1,4,4,144,1,4869,461.49499999999995,High
64,1,133.06,Regular,3,2,1,321,0,4870,54.03,Medium
60,4,1797.5,Loyal,3,4,4,344,0,4871,887.95,High
137,1,868.49,At Risk,2,2,3,223,0,4872,407.14500000000004,High
20,1,166.08,Regular,4,2,1,421,0,4873,79.34,High
11,10,3945.0,VIP,5,5,5,555,0,4874,1973.3,High
24,12,4867.72,VIP,4,5,5,455,0,4875,2432.66,High
36,4,1207.56,Loyal,3,4,4,344,0,4876,597.78,High
276,1,117.55,Churn Likely,1,2,1,121,1,4877,3.874999999999993,Low
10,7,2638.94,VIP,5,5,5,555,0,4878,1319.57,High
72,5,1674.69,Regular,2,4,4,244,0,4879,824.445,High
25,2,595.42,Regular,4,3,3,433,0,4880,293.31,High
16,12,2999.46,VIP,4,5,5,455,0,4881,1500.1299999999999,High
140,1,178.75,At Risk,2,2,1,221,0,4882,61.675,Medium
25,7,1802.91,VIP,4,5,4,454,0,4883,898.5550000000001,High
18,2,604.64,Regular,4,3,3,433,0,4884,299.32,High
3,2,728.16,Regular,5,3,3,533,0,4885,364.08,High
65,5,2055.51,Regular,3,4,5,345,0,4886,1016.2550000000001,High
0,2,347.75,Regular,5,3,2,532,0,4887,174.475,High
42,7,3406.7200000000003,Loyal,3,5,5,355,0,4888,1697.06,High
227,1,205.7,Churn Likely,1,2,1,121,1,4889,57.749999999999986,Medium
15,4,1572.71,Loyal,4,4,4,444,0,4890,784.5550000000001,High
49,2,3178.17,Regular,3,3,5,335,0,4891,1579.885,High
1,6,1594.97,VIP,5,5,4,554,0,4892,799.0849999999999,High
73,2,551.04,Regular,2,3,3,233,0,4893,261.52,High
0,31,20374.28,VIP,5,5,5,555,0,4894,10196.439999999999,High
3,6,1371.18,VIP,5,5,4,554,0,4895,686.79,High
1,30,16345.38,VIP,5,5,5,555,0,4896,8181.49,High
263,1,298.11,Churn Likely,1,2,2,122,1,4897,96.75500000000002,High
52,2,1992.1100000000001,Regular,3,3,4,334,0,4898,986.2550000000001,High
23,1,184.4,Regular,4,2,1,421,0,4899,87.9,High
9,6,2474.33,VIP,5,5,5,555,0,4900,1237.165,High
43,1,239.41,Regular,3,2,1,321,0,4901,111.405,High
16,7,3155.83,VIP,4,5,5,455,0,4902,1576.8149999999998,High
6,7,5739.46,VIP,5,5,5,555,0,4903,2870.63,High
29,15,4726.8,VIP,4,5,5,455,0,4904,2362.1,High
357,2,290.40000000000003,Churn Likely,1,3,2,132,1,4905,74.4,High
126,4,740.9399999999999,At Risk,2,4,3,243,0,4906,346.46999999999997,High
136,1,200.47,At Risk,2,2,1,221,0,4907,73.335,High
141,1,283.12,At Risk,2,2,2,222,0,4908,113.66000000000001,High
131,2,765.34,At Risk,2,3,3,233,0,4909,357.07000000000005,High
37,8,2285.71,Loyal,3,5,5,355,0,4910,1137.855,High
235,1,338.95,Churn Likely,1,2,2,122,1,4911,122.775,High
260,1,154.95,Churn Likely,1,2,1,121,1,4912,25.77499999999999,Low
16,4,2534.64,Loyal,4,4,5,445,0,4913,1265.32,High
252,1,417.95,Churn Likely,1,2,2,122,1,4914,158.875,High
29,4,1824.37,Loyal,4,4,4,444,0,4915,907.585,High
34,3,798.74,Loyal,3,4,3,343,0,4916,393.46999999999997,High
168,2,885.19,At Risk,2,3,3,233,0,4917,409.595,High
2,9,1823.52,VIP,5,5,4,554,0,4918,914.0600000000001,High
3,17,10504.49,VIP,5,5,5,555,0,4919,5256.745,High
184,2,152.4,Churn Likely,1,3,1,131,1,4920,39.99999999999999,Low
187,2,263.33,Churn Likely,1,3,2,132,1,4921,94.86499999999998,High
169,1,137.45,At Risk,2,2,1,221,0,4922,35.22499999999999,Low
10,2,385.1,Regular,5,3,2,532,0,4923,191.15,High
44,1,522.91,Regular,3,2,3,323,0,4924,252.95499999999998,High
320,1,153.0,Churn Likely,1,2,1,121,1,4925,12.799999999999997,Low
200,1,326.4,Churn Likely,1,2,2,122,1,4926,123.5,High
22,11,5655.99,VIP,4,5,5,455,0,4927,2826.895,High
231,1,139.35,Churn Likely,1,2,1,121,1,4928,23.77499999999999,Low
37,15,5396.04,Loyal,3,5,5,355,0,4929,2695.12,High
25,4,1195.94,Loyal,4,4,4,444,0,4930,594.1700000000001,High
95,4,2424.04,Regular,2,4,5,245,0,4931,1194.22,High
126,6,3276.4000000000005,At Risk,2,5,5,255,0,4932,1614.8000000000002,High
70,3,1033.0,Regular,3,4,4,344,0,4933,503.4,High
15,11,3439.08,VIP,4,5,5,455,0,4934,1719.84,High
14,1,1060.25,Regular,4,2,4,424,0,4935,527.625,High
3,3,2876.01,Loyal,5,4,5,545,0,4936,1438.3050000000003,High
2,13,5298.4800000000005,VIP,5,5,5,555,0,4937,2652.7400000000002,High
78,4,1240.11,Regular,2,4,4,244,0,4938,605.655,High
372,1,303.97,Lost,1,2,2,122,1,4939,77.88500000000002,High
38,2,692.19,Regular,3,3,3,333,0,4940,339.095,High
53,3,700.63,Loyal,3,4,3,343,0,4941,340.61499999999995,High
1,19,13110.02,VIP,5,5,5,555,0,4942,6560.51,High
8,3,377.44,Loyal,5,4,2,542,0,4943,188.02,High
8,2,168.24,Regular,5,3,1,531,0,4944,83.12,High
18,4,1879.05,Loyal,4,4,4,444,0,4945,937.125,High
11,7,2791.35,VIP,5,5,5,555,0,4946,1395.5749999999998,High
112,2,355.11,Regular,2,3,2,232,0,4947,155.755,High
3,6,2322.4,VIP,5,5,5,555,0,4948,1162.4,High
239,1,110.25,Churn Likely,1,2,1,121,1,4949,7.624999999999993,Low
112,1,71.4,Regular,2,2,1,221,0,4950,13.599999999999998,Low
177,2,674.52,At Risk,2,3,3,233,0,4951,302.46000000000004,High
4,9,1710.45,VIP,5,5,4,554,0,4952,857.1250000000001,High
358,1,80.64,Churn Likely,1,2,1,121,1,4953,-30.98000000000001,Low
0,5,1664.65,VIP,5,4,4,544,0,4954,833.825,High
0,30,5593.39,VIP,5,5,5,555,0,4955,2805.695,High
18,8,3408.2000000000003,VIP,4,5,5,455,0,4956,1702.9000000000003,High
16,3,819.96,Loyal,4,4,3,443,0,4957,407.68,High
21,2,287.59,Regular,4,3,2,432,0,4958,140.195,High
32,1,712.78,Regular,4,2,3,423,0,4959,350.29,High
262,1,15.0,Churn Likely,1,2,1,121,1,4960,-44.60000000000001,Low
50,2,772.55,Regular,3,3,3,333,0,4961,376.875,High
158,3,367.63,At Risk,2,4,2,242,0,4962,153.115,High
14,1,271.2,Regular,4,2,2,422,0,4963,133.1,High
7,3,2081.9,Loyal,5,4,5,545,0,4964,1040.45,High
12,10,3957.43,VIP,5,5,5,555,0,4965,1979.3149999999998,High
198,5,1143.27,Churn Likely,1,4,4,144,1,4966,533.535,High
56,2,245.81,Regular,3,3,1,331,0,4967,112.30499999999999,High
10,2,173.45,Regular,5,3,1,531,0,4968,85.32499999999999,High
96,4,1213.73,Regular,2,4,4,244,0,4969,588.865,High
254,1,56.4,Churn Likely,1,2,1,121,1,4970,-22.300000000000004,Low
24,3,647.56,Loyal,4,4,3,443,0,4971,319.87999999999994,High
20,3,650.32,Loyal,4,4,3,443,0,4972,322.06,High
158,2,188.02,At Risk,2,3,1,231,0,4973,63.01,Medium
71,2,283.47,Regular,3,3,2,332,0,4974,128.13500000000002,High
52,1,131.94,Regular,3,2,1,321,0,4975,55.87,Medium
84,2,266.85,Regular,2,3,2,232,0,4976,117.22500000000001,High
152,4,1817.54,At Risk,2,4,4,244,0,4977,879.57,High
73,2,1117.9,Regular,2,3,4,234,0,4978,544.95,High
280,1,225.9,Churn Likely,1,2,1,121,1,4979,57.25,Medium
26,14,1964.3,VIP,4,5,4,454,0,4980,981.15,High
29,1,106.1,Regular,4,2,1,421,0,4981,47.55,Medium
24,1,300.34,Regular,4,2,2,422,0,4982,145.67,High
179,2,342.83,At Risk,1,3,2,132,0,4983,136.21499999999997,High
39,4,690.0,Loyal,3,4,3,343,0,4984,338.4,High
21,3,780.43,Loyal,4,4,3,443,0,4985,386.91499999999996,High
21,10,3039.17,VIP,4,5,5,455,0,4986,1518.385,High
36,9,1187.21,Loyal,3,5,4,354,0,4987,589.105,High
81,3,1285.04,Regular,2,4,4,244,0,4988,627.2199999999999,High
73,1,512.31,Regular,2,2,3,223,0,4989,241.855,High
10,1,546.04,Regular,5,2,3,523,0,4990,271.32,High
15,12,5411.91,VIP,4,5,5,455,0,4991,2706.555,High
3,39,7761.82,VIP,5,5,5,555,0,4992,3892.0099999999998,High
12,4,699.81,Loyal,5,4,3,543,0,4993,348.705,High
13,5,1698.07,VIP,4,4,4,444,0,4994,847.935,High
36,4,36.56,Loyal,3,4,1,341,0,4995,12.280000000000001,Low
3,3,387.68,Loyal,5,4,2,542,0,4996,194.14000000000001,High
71,7,3704.87,Regular,3,5,5,355,0,4997,1840.3349999999998,High
50,1,298.4,Regular,3,2,2,322,0,4998,139.5,High
4,5,1987.33,VIP,5,4,4,544,0,4999,994.365,High
22,4,1820.09,Loyal,4,4,4,444,0,5000,906.845,High
298,1,889.24,Churn Likely,1,2,3,123,1,5001,385.32,High
1,3,398.7,Loyal,5,4,2,542,0,5002,200.05,High
32,1,35.400000000000006,Regular,4,2,1,421,0,5003,11.600000000000003,Low
49,1,155.37,Regular,3,2,1,321,0,5004,68.185,Medium
2,3,342.24,Loyal,5,4,2,542,0,5005,171.62,High
46,1,110.21000000000001,Regular,3,2,1,321,0,5006,46.205,Medium
41,8,1541.23,Loyal,3,5,4,354,0,5007,764.8149999999999,High
26,5,2720.8,VIP,4,4,5,445,0,5008,1356.7,High
41,1,318.15,Regular,3,2,2,322,0,5009,151.175,High
1,124,40519.84,VIP,5,5,5,555,0,5010,20296.92,High
302,1,205.48,Churn Likely,1,2,1,121,1,5011,42.639999999999986,Medium
106,1,51.559999999999995,Regular,2,2,1,221,0,5012,4.8799999999999955,Low
84,1,2033.1,Regular,2,2,4,224,0,5013,1000.05,High
80,9,901.1999999999999,Regular,2,5,3,253,0,5014,437.29999999999995,High
217,4,605.8000000000001,Churn Likely,1,4,3,143,1,5015,260.70000000000005,High
371,34,5391.21,Lost,1,5,5,155,1,5016,2631.605,High
11,2,114.34,Regular,5,3,1,531,0,5017,55.57,Medium
184,2,311.26,Churn Likely,1,3,2,132,1,5018,119.42999999999998,High
372,1,208.97,Lost,1,2,1,121,1,5019,30.38499999999999,Low
1,4,1418.03,Loyal,5,4,4,544,0,5020,710.015,High
3,23,26879.04,VIP,5,5,5,555,0,5021,13445.82,High
5,12,5140.66,VIP,5,5,5,555,0,5022,2572.93,High
304,1,141.92000000000002,Churn Likely,1,2,1,121,1,5023,10.46,Low
368,1,226.45000000000002,Lost,1,2,1,121,1,5024,39.925,Low
2,8,2097.88,VIP,5,5,5,555,0,5025,1050.94,High
323,1,330.9,Churn Likely,1,2,2,122,1,5026,101.14999999999999,High
58,6,3160.0,Loyal,3,5,5,355,0,5027,1570.2,High
12,3,554.85,Loyal,5,4,3,543,0,5028,275.925,High
30,20,10526.32,VIP,4,5,5,455,0,5029,5263.16,High
142,1,329.65,At Risk,2,2,2,222,0,5030,136.725,High
29,6,1157.8700000000001,VIP,4,5,4,454,0,5031,574.9350000000001,High
106,5,428.18,Regular,2,4,2,242,0,5032,194.39,High
1,12,1865.89,VIP,5,5,4,554,0,5033,936.345,High
204,1,155.9,Churn Likely,1,2,1,121,1,5034,37.449999999999996,Low
79,5,1848.96,Regular,2,4,4,244,0,5035,910.1800000000001,High
184,6,683.46,Churn Likely,1,5,3,153,1,5036,306.73,High
169,1,237.61,At Risk,2,2,1,221,0,5037,85.305,High
43,1,379.45,Regular,3,2,2,322,0,5038,181.425,High
173,1,178.51999999999998,At Risk,2,2,1,221,0,5039,54.95999999999999,Medium
364,1,458.92,Churn Likely,1,2,2,122,1,5040,156.96000000000004,High
303,1,133.35000000000002,Churn Likely,1,2,1,121,1,5041,6.375000000000007,Low
2,4,664.34,Loyal,5,4,3,543,0,5042,332.97,High
3,4,695.0699999999999,Loyal,5,4,3,543,0,5043,348.13499999999993,High
11,1,156.34,Regular,5,2,1,521,0,5044,76.27,High
31,3,869.28,Loyal,4,4,3,443,0,5045,429.34,High
128,1,111.35,At Risk,2,2,1,221,0,5046,30.374999999999993,Low
20,8,716.0,VIP,4,5,3,453,0,5047,356.4,High
211,2,201.37,Churn Likely,1,3,1,131,1,5048,59.084999999999994,Medium
322,2,586.89,Churn Likely,1,3,3,133,1,5049,229.645,High
161,1,203.85999999999999,At Risk,2,2,1,221,0,5050,70.02999999999999,High
55,3,244.1,Loyal,3,4,1,341,0,5051,111.95,High
224,1,107.21,Churn Likely,1,2,1,121,1,5052,9.10499999999999,Low
71,8,1118.96,Regular,3,5,4,354,0,5053,547.68,High
43,1,95.45,Regular,3,2,1,321,0,5054,39.425,Low
22,1,256.32,Regular,4,2,2,422,0,5055,124.06,High
172,3,541.8100000000001,At Risk,2,4,3,243,0,5056,237.405,High
84,2,152.06,Regular,2,3,1,231,0,5057,59.83,Medium
158,1,154.55,At Risk,2,2,1,221,0,5058,45.975,Medium
189,2,112.19999999999999,Churn Likely,1,3,1,131,1,5059,18.89999999999999,Low
28,1,110.38,Regular,4,2,1,421,0,5060,49.88999999999999,Medium
20,1,181.07,Regular,4,2,1,421,0,5061,86.835,High
70,4,798.99,Regular,3,4,3,343,0,5062,386.695,High
246,1,72.9,Churn Likely,1,2,1,121,1,5063,-12.450000000000003,Low
373,1,232.03,Lost,1,2,1,121,1,5064,41.71499999999999,Medium
8,1,366.23,Regular,5,2,2,522,0,5065,181.81500000000003,High
309,5,310.06,Churn Likely,1,4,2,142,1,5066,94.72999999999999,High
58,2,408.65,Regular,3,3,2,332,0,5067,193.325,High
3,1,329.36,Regular,5,2,2,522,0,5068,164.38000000000002,High
44,3,335.03,Loyal,3,4,2,342,0,5069,159.61499999999998,High
87,1,1304.04,Regular,2,2,4,224,0,5070,634.92,High
3,17,4119.5,VIP,5,5,5,555,0,5071,2064.25,High
63,4,820.23,Regular,3,4,3,343,0,5072,398.715,High
281,1,207.50000000000003,Churn Likely,1,2,1,121,1,5073,47.85000000000001,Medium
11,7,2962.5,VIP,5,5,5,555,0,5074,1481.1499999999999,High
372,1,244.08,Lost,1,2,1,121,1,5075,47.94,Medium
132,2,397.29,At Risk,2,3,2,232,0,5076,172.845,High
44,2,212.54,Regular,3,3,1,331,0,5077,98.07,High
10,4,843.0,Loyal,5,4,3,543,0,5078,420.7,High
35,5,1740.48,Loyal,3,4,4,344,0,5079,864.74,High
133,2,408.36,At Risk,2,3,2,232,0,5080,178.18,High
28,3,1331.57,Loyal,4,4,4,444,0,5081,661.0849999999999,High
51,2,704.25,Regular,3,3,3,333,0,5082,342.52500000000003,High
137,2,145.79,At Risk,2,3,1,231,0,5083,46.094999999999985,Medium
4,1,380.13,Regular,5,2,2,522,0,5084,189.565,High
8,7,4301.22,VIP,5,5,5,555,0,5085,2151.11,High
159,1,99.14,At Risk,2,2,1,221,0,5086,18.069999999999997,Low
48,10,4020.04,Loyal,3,5,5,355,0,5087,2003.42,High
130,1,304.56,At Risk,2,2,2,222,0,5088,126.58000000000001,High
7,1,77.50000000000001,Regular,5,2,1,521,0,5089,37.650000000000006,Low
232,2,149.57999999999998,Churn Likely,1,3,1,131,1,5090,28.98999999999998,Low
36,1,176.68,Regular,3,2,1,321,0,5091,81.44,High
146,1,358.56000000000006,At Risk,2,2,2,222,0,5092,150.38000000000005,High
0,45,58510.48,VIP,5,5,5,555,0,5093,29268.74,High
71,3,482.2,Regular,3,4,2,342,0,5094,227.8,High
39,3,1008.5400000000001,Loyal,3,4,4,344,0,5095,497.37,High
4,12,2314.13,VIP,5,5,5,555,0,5096,1159.865,High
198,4,557.3,Churn Likely,1,4,3,143,1,5097,240.24999999999997,High
248,1,12.75,Churn Likely,1,2,1,121,1,5098,-42.925000000000004,Low
65,1,111.68,Regular,3,2,1,321,0,5099,43.14,Medium
116,1,508.4599999999999,Regular,2,2,3,223,0,5100,231.32999999999998,High
170,1,73.78,At Risk,2,2,1,221,0,5101,3.1899999999999977,Low
20,39,1296.44,VIP,4,5,4,454,0,5102,655.9200000000001,High
141,1,102.41,At Risk,2,2,1,221,0,5103,23.304999999999993,Low
31,2,463.21,Regular,4,3,2,432,0,5104,226.005,High
37,14,2599.19,Loyal,3,5,5,355,0,5105,1296.395,High
37,5,1098.43,Loyal,3,4,4,344,0,5106,543.315,High
371,1,112.27,Lost,1,2,1,121,1,5107,-17.765000000000008,Low
373,1,265.1,Lost,1,2,2,122,1,5108,58.250000000000014,Medium
165,2,228.2,At Risk,2,3,1,231,0,5109,81.69999999999999,High
210,1,562.79,Churn Likely,1,2,3,123,1,5110,239.695,High
241,1,135.19,Churn Likely,1,2,1,121,1,5111,19.694999999999993,Low
51,1,337.04,Regular,3,2,2,322,0,5112,158.62000000000003,High
24,3,703.99,Loyal,4,4,3,443,0,5113,348.09499999999997,High
14,13,4483.26,VIP,4,5,5,455,0,5114,2242.73,High
371,1,321.79,Lost,1,2,2,122,1,5115,86.99500000000002,High
28,1,288.14,Regular,4,2,2,422,0,5116,138.77,High
364,1,300.91999999999996,Churn Likely,1,2,2,122,1,5117,77.96,High
35,4,732.41,Loyal,3,4,3,343,0,5118,360.405,High
165,3,811.45,At Risk,2,4,3,243,0,5119,373.625,High
144,1,152.68,At Risk,2,2,1,221,0,5120,47.84,Medium
21,1,631.35,Regular,4,2,3,423,0,5121,311.77500000000003,High
55,1,20.8,Regular,3,2,1,321,0,5122,-0.29999999999999893,Low
184,1,198.57,Churn Likely,1,2,1,121,1,5123,62.78499999999999,Medium
11,7,201.12,VIP,5,5,1,551,0,5124,100.46,High
236,3,630.84,Churn Likely,1,4,3,143,1,5125,269.12,High
224,2,93.35,Churn Likely,1,3,1,131,1,5126,2.4749999999999943,Low
121,4,674.89,At Risk,2,4,3,243,0,5127,314.445,High
281,1,76.1,Churn Likely,1,2,1,121,1,5128,-17.85000000000001,Low
73,8,1962.46,Regular,2,5,4,254,0,5129,969.03,High
36,2,380.39,Regular,3,3,2,332,0,5130,183.595,High
11,2,415.13,Regular,5,3,2,532,0,5131,205.965,High
361,1,157.92,Churn Likely,1,2,1,121,1,5132,7.059999999999988,Low
3,2,226.47,Regular,5,3,1,531,0,5133,113.235,High
22,1,444.68,Regular,4,2,2,422,0,5134,218.24,High
69,9,2116.19,Regular,3,5,5,355,0,5135,1046.9950000000001,High
234,1,247.39,Churn Likely,1,2,1,121,1,5136,77.195,High
256,1,174.8,Churn Likely,1,2,1,121,1,5137,36.5,Low
372,1,102.78999999999999,Lost,1,2,1,121,1,5138,-22.705000000000013,Low
154,2,187.29,At Risk,2,3,1,231,0,5139,63.44499999999999,Medium
27,1,162.22,Regular,4,2,1,421,0,5140,76.00999999999999,High
3,1,120.03,Regular,5,2,1,521,0,5141,59.714999999999996,Medium
31,5,1477.66,Loyal,4,4,4,444,0,5142,734.13,High
80,3,523.0,Regular,2,4,3,243,0,5143,246.39999999999998,High
107,2,122.14,Regular,2,3,1,231,0,5144,40.269999999999996,Medium
51,1,38.45,Regular,3,2,1,321,0,5145,9.325000000000001,Low
35,1,612.72,Regular,3,2,3,323,0,5146,299.66,High
152,2,389.78,At Risk,2,3,2,232,0,5147,165.08999999999997,High
98,1,115.31,Regular,2,2,1,221,0,5148,38.355,Low
3,2,230.64999999999998,Regular,5,3,1,531,0,5149,115.32499999999999,High
333,1,73.5,Churn Likely,1,2,1,121,1,5150,-29.55000000000001,Low
64,1,93.82000000000001,Regular,3,2,1,321,0,5151,34.41,Low
21,2,418.68,Regular,4,3,2,432,0,5152,205.74,High
35,3,713.89,Loyal,3,4,3,343,0,5153,350.84499999999997,High
31,3,403.12,Loyal,4,4,2,442,0,5154,196.26000000000002,High
153,6,70.02,At Risk,2,5,1,251,0,5155,6.209999999999994,Low
18,2,357.20000000000005,Regular,4,3,2,432,0,5156,175.60000000000002,High
11,21,4097.37,VIP,5,5,5,555,0,5157,2052.7850000000003,High
53,1,165.04999999999998,Regular,3,2,1,321,0,5158,72.225,High
24,3,529.29,Loyal,4,4,3,443,0,5159,260.74499999999995,High
3,10,2088.6,VIP,5,5,5,555,0,5160,1046.7,High
44,1,178.34,Regular,3,2,1,321,0,5161,80.67,High
202,2,172.29000000000002,Churn Likely,1,3,1,131,1,5162,46.345,Medium
358,1,74.4,Churn Likely,1,2,1,121,1,5163,-34.10000000000001,Low
70,1,300.02,Regular,3,2,2,322,0,5164,136.31,High
6,10,6761.34,VIP,5,5,5,555,0,5165,3382.4700000000003,High
287,1,363.65,Churn Likely,1,2,2,122,1,5166,124.725,High
9,1,170.16,Regular,5,2,1,521,0,5167,83.58,High
22,3,306.46,Loyal,4,4,2,442,0,5168,149.73,High
21,10,2119.41,VIP,4,5,5,455,0,5169,1058.5049999999999,High
172,3,720.52,At Risk,2,4,3,243,0,5170,326.76,High
132,2,814.0,At Risk,2,3,3,233,0,5171,381.20000000000005,High
5,14,2392.83,VIP,5,5,5,555,0,5172,1199.615,High
74,1,318.0,Regular,2,2,2,222,0,5173,144.5,High
39,1,396.33,Regular,3,2,2,322,0,5174,190.665,High
288,1,101.69999999999999,Churn Likely,1,2,1,121,1,5175,-6.45000000000001,Low
25,5,2009.24,VIP,4,4,4,444,0,5176,1001.12,High
257,2,453.0,Churn Likely,1,3,2,132,1,5177,175.7,High
185,1,247.44,Churn Likely,1,2,1,121,1,5178,87.02,High
113,12,3859.82,Regular,2,5,5,255,0,5179,1910.91,High
373,1,489.6,Lost,1,2,3,123,1,5180,170.5,High
22,10,2611.75,VIP,4,5,5,455,0,5181,1304.475,High
7,11,2584.41,VIP,5,5,5,555,0,5182,1294.1049999999998,High
216,2,336.13,Churn Likely,1,3,2,132,1,5183,125.46499999999999,High
44,4,3613.15,Loyal,3,4,5,345,0,5184,1798.9750000000001,High
18,2,1231.5,Regular,4,3,4,434,0,5185,612.75,High
35,3,343.45,Loyal,3,4,2,342,0,5186,165.625,High
25,1,680.84,Regular,4,2,3,423,0,5187,335.72,High
15,1,90.47999999999999,Regular,4,2,1,421,0,5188,42.53999999999999,Medium
329,2,689.95,Churn Likely,1,3,3,133,1,5189,279.77500000000003,High
273,1,101.34,Churn Likely,1,2,1,121,1,5190,-3.6300000000000026,Low
97,2,4055.7199999999993,Regular,2,3,5,235,0,5191,2009.0599999999995,High
60,1,166.03,Regular,3,2,1,321,0,5192,71.315,High
1,11,9068.26,VIP,5,5,5,555,0,5193,4537.2300000000005,High
92,4,2106.52,Regular,2,4,5,245,0,5194,1036.06,High
81,7,3017.3,Regular,2,5,5,255,0,5195,1494.55,High
312,2,580.0500000000001,Churn Likely,1,3,3,133,1,5196,228.22500000000005,High
11,3,849.06,Loyal,5,4,3,543,0,5197,423.22999999999996,High
7,6,2662.4,VIP,5,5,5,555,0,5198,1331.6,High
126,1,168.31,At Risk,2,2,1,221,0,5199,59.254999999999995,Medium
10,2,222.4,Regular,5,3,1,531,0,5200,109.8,High
0,60,259657.3,VIP,5,5,5,555,0,5201,129846.65,High
36,1,754.64,Regular,3,2,3,323,0,5202,370.42,High
37,1,113.48000000000002,Regular,3,2,1,321,0,5203,49.64000000000001,Medium
329,1,421.9,Churn Likely,1,2,2,122,1,5204,145.45,High
253,1,271.0,Churn Likely,1,2,2,122,1,5205,85.20000000000002,High
1,26,8004.92,VIP,5,5,5,555,0,5206,4010.0600000000004,High
19,1,198.8,Regular,4,2,1,421,0,5207,95.9,High
11,2,352.69,Regular,5,3,2,532,0,5208,174.745,High
368,1,76.32000000000001,Lost,1,2,1,121,1,5209,-35.14000000000001,Low
289,1,220.1,Churn Likely,1,2,1,121,1,5210,52.54999999999999,Medium
67,8,1403.1100000000001,Regular,3,5,4,354,0,5211,690.5550000000001,High
25,1,315.65,Regular,4,2,2,422,0,5212,153.125,High
10,26,5625.08,VIP,5,5,5,555,0,5213,2818.34,High
367,1,180.7,Lost,1,2,1,121,1,5214,17.249999999999986,Low
213,1,111.15,Churn Likely,1,2,1,121,1,5215,13.274999999999999,Low
148,2,653.3,At Risk,2,3,3,233,0,5216,297.65,High
7,6,1793.06,VIP,5,5,4,554,0,5217,896.93,High
23,2,574.4399999999999,Regular,4,3,3,433,0,5218,283.21999999999997,High
29,4,1131.75,Loyal,4,4,4,444,0,5219,561.2750000000001,High
60,1,200.92000000000002,Regular,3,2,1,321,0,5220,88.76,High
18,3,347.08,Loyal,4,4,2,442,0,5221,170.84,High
242,1,112.55000000000001,Churn Likely,1,2,1,121,1,5222,8.174999999999997,Low
14,3,1059.39,Loyal,4,4,4,444,0,5223,527.7950000000001,High
211,1,931.4999999999999,Churn Likely,1,2,3,123,1,5224,423.84999999999997,High
28,5,681.9100000000001,VIP,4,4,3,443,0,5225,336.855,High
62,3,784.33,Regular,3,4,3,343,0,5226,380.665,High
294,1,152.65,Churn Likely,1,2,1,121,1,5227,17.824999999999996,Low
17,6,8438.34,VIP,4,5,5,455,0,5228,4217.570000000001,High
156,2,1019.52,At Risk,2,3,4,234,0,5229,479.16,High
116,2,1000.16,Regular,2,3,4,234,0,5230,477.48,High
7,12,2888.75,VIP,5,5,5,555,0,5231,1446.5749999999998,High
12,4,2861.55,Loyal,5,4,5,545,0,5232,1429.575,High
140,2,160.35000000000002,At Risk,2,3,1,231,0,5233,52.775000000000006,Medium
45,2,179.33999999999997,Regular,3,3,1,331,0,5234,81.26999999999998,High
50,3,612.0799999999999,Loyal,3,4,3,343,0,5235,296.93999999999994,High
31,3,566.58,Loyal,4,4,3,443,0,5236,277.99,High
134,2,653.35,At Risk,2,3,3,233,0,5237,300.475,High
2,2,399.19,Regular,5,3,2,532,0,5238,199.795,High
74,3,371.62,Regular,2,4,2,242,0,5239,171.91,High
12,2,675.64,Regular,5,3,3,533,0,5240,336.02000000000004,High
8,2,453.4,Regular,5,3,2,532,0,5241,225.7,High
300,1,530.15,Churn Likely,1,2,3,123,1,5242,205.375,High
56,2,638.0600000000001,Regular,3,3,3,333,0,5243,308.43000000000006,High
14,5,1618.69,VIP,4,4,4,444,0,5244,808.0450000000001,High
36,1,399.65000000000003,Regular,3,2,2,322,0,5245,192.92500000000004,High
176,1,302.46000000000004,At Risk,2,2,2,222,0,5246,116.33000000000003,High
22,3,1384.8600000000001,Loyal,4,4,4,444,0,5247,688.9300000000001,High
175,6,1160.04,At Risk,2,5,4,254,0,5248,546.8199999999999,High
60,1,202.65,Regular,3,2,1,321,0,5249,89.625,High
32,3,980.31,Loyal,4,4,4,444,0,5250,484.655,High
58,5,1231.31,Loyal,3,4,4,344,0,5251,605.555,High
14,20,7561.68,VIP,4,5,5,455,0,5252,3784.04,High
86,4,2106.84,Regular,2,4,5,245,0,5253,1037.42,High
6,1,104.0,Regular,5,2,1,521,0,5254,51.099999999999994,Medium
357,1,476.35,Churn Likely,1,2,2,122,1,5255,167.07500000000002,High
30,6,1340.8700000000001,VIP,4,5,4,454,0,5256,666.235,High
128,4,1590.81,At Risk,2,4,4,244,0,5257,771.005,High
8,6,1793.17,VIP,5,5,4,554,0,5258,896.785,High
4,6,1843.75,VIP,5,5,4,554,0,5259,922.875,High
23,1,366.85,Regular,4,2,2,422,0,5260,179.12500000000003,High
226,2,632.07,Churn Likely,1,3,3,133,1,5261,271.43500000000006,High
14,1,49.8,Regular,4,2,1,421,0,5262,22.4,Low
248,1,304.25,Churn Likely,1,2,2,122,1,5263,102.82500000000002,High
14,3,2001.04,Loyal,4,4,4,444,0,5264,998.62,High
77,2,1090.24,Regular,2,3,4,234,0,5265,530.32,High
191,2,284.46000000000004,Churn Likely,1,3,2,132,1,5266,104.63000000000001,High
261,1,207.79999999999998,Churn Likely,1,2,1,121,1,5267,51.999999999999986,Medium
71,1,957.97,Regular,3,2,4,324,0,5268,465.08500000000004,High
164,1,243.76,At Risk,2,2,1,221,0,5269,89.38,High
81,1,973.8399999999999,Regular,2,2,4,224,0,5270,471.02,High
94,2,686.63,Regular,2,3,3,233,0,5271,325.115,High
3,17,5425.56,VIP,5,5,5,555,0,5272,2717.28,High
105,1,150.35,Regular,2,2,1,221,0,5273,54.474999999999994,Medium
199,3,1396.99,Churn Likely,1,4,4,144,1,5274,659.595,High
156,1,160.42000000000002,At Risk,2,2,1,221,0,5275,49.31,Medium
70,3,1975.35,Regular,3,4,4,344,0,5276,974.5749999999999,High
35,2,517.36,Regular,3,3,3,333,0,5277,252.28000000000003,High
28,1,139.10000000000002,Regular,4,2,1,421,0,5278,64.25000000000001,Medium
1,6,2621.38,VIP,5,5,5,555,0,5279,1312.29,High
25,5,600.07,VIP,4,4,3,443,0,5280,296.535,High
325,1,216.07,Churn Likely,1,2,1,121,1,5281,43.334999999999994,Medium
236,1,232.48000000000002,Churn Likely,1,2,1,121,1,5282,69.34,Medium
88,1,299.34000000000003,Regular,2,2,2,222,0,5283,132.37000000000003,High
30,1,481.75,Regular,4,2,2,422,0,5284,235.175,High
28,2,621.75,Regular,4,3,3,433,0,5285,305.875,High
210,2,641.92,Churn Likely,1,3,3,133,1,5286,279.56,High
2,10,2069.77,VIP,5,5,5,555,0,5287,1037.485,High
226,1,305.28000000000003,Churn Likely,1,2,2,122,1,5288,107.74000000000002,High
21,5,1041.61,VIP,4,4,4,444,0,5289,518.1049999999999,High
92,1,443.0,Regular,2,2,2,222,0,5290,203.4,High
4,14,6484.54,VIP,5,5,5,555,0,5291,3245.6699999999996,High
263,1,158.95000000000002,Churn Likely,1,2,1,121,1,5292,27.175000000000004,Low
2,12,5504.96,VIP,5,5,5,555,0,5293,2755.68,High
43,11,5228.05,Loyal,3,5,5,355,0,5294,2608.7250000000004,High
217,1,93.75,Churn Likely,1,2,1,121,1,5295,3.7749999999999915,Low
56,2,779.9,Regular,3,3,3,333,0,5296,379.35,High
11,20,7276.900000000001,VIP,5,5,5,555,0,5297,3642.2500000000005,High
8,7,2810.2000000000003,VIP,5,5,5,555,0,5298,1405.6000000000001,High
191,5,2071.77,Churn Likely,1,4,5,145,1,5299,999.185,High
81,4,592.97,Regular,2,4,3,243,0,5300,281.485,High
325,1,440.0,Churn Likely,1,2,2,122,1,5301,155.3,High
71,3,1796.48,Regular,3,4,4,344,0,5302,884.9399999999999,High
29,6,882.24,VIP,4,5,3,453,0,5303,437.12,High
2,5,987.1,VIP,5,4,4,544,0,5304,494.65000000000003,High
218,5,1561.6100000000001,Churn Likely,1,4,4,144,1,5305,738.705,High
45,1,422.58,Regular,3,2,2,322,0,5306,202.59,High
9,17,2073.09,VIP,5,5,5,555,0,5307,1039.845,High
71,4,2232.4900000000002,Regular,3,4,5,345,0,5308,1103.2450000000001,High
6,7,2567.06,VIP,5,5,5,555,0,5309,1284.4299999999998,High
23,2,596.1,Regular,4,3,3,433,0,5310,294.05,High
122,2,804.02,At Risk,2,3,3,233,0,5311,378.21000000000004,High
16,1,95.34,Regular,4,2,1,421,0,5312,44.769999999999996,Medium
309,1,349.27,Churn Likely,1,2,2,122,1,5313,113.13499999999999,High
86,1,4314.72,Regular,2,2,5,225,0,5314,2140.4600000000005,High
50,2,518.27,Regular,3,3,3,333,0,5315,249.735,High
88,1,103.3,Regular,2,2,1,221,0,5316,34.349999999999994,Low
38,8,2337.63,Loyal,3,5,5,355,0,5317,1163.6150000000002,High
24,3,2338.6000000000004,Loyal,4,4,5,445,0,5318,1165.4000000000003,High
172,6,2628.35,At Risk,2,5,5,255,0,5319,1281.5749999999998,High
42,2,324.24,Regular,3,3,2,332,0,5320,154.32,High
139,1,149.48,At Risk,2,2,1,221,0,5321,47.239999999999995,Medium
25,3,1213.1599999999999,Loyal,4,4,4,444,0,5322,602.4799999999999,High
71,2,801.51,Regular,3,3,3,333,0,5323,387.15500000000003,High
133,1,25.5,At Risk,2,2,1,221,0,5324,-13.55,Low
365,1,168.6,Churn Likely,1,2,1,121,1,5325,11.599999999999994,Low
37,2,283.15,Regular,3,3,2,332,0,5326,134.77499999999998,High
2,6,3078.58,VIP,5,5,5,555,0,5327,1540.6899999999998,High
1,3,204.0,Loyal,5,4,1,541,0,5328,102.7,High
29,1,175.92,Regular,4,2,1,421,0,5329,82.46,High
43,1,335.86,Regular,3,2,2,322,0,5330,159.63000000000002,High
57,1,110.38,Regular,3,2,1,321,0,5331,44.089999999999996,Medium
73,1,173.9,Regular,2,2,1,221,0,5332,72.65,High
277,1,180.60000000000002,Churn Likely,1,2,1,121,1,5333,35.2,Low
180,1,80.82,At Risk,1,2,1,121,0,5334,4.709999999999994,Low
7,2,178.05,Regular,5,3,1,531,0,5335,88.225,High
3,16,2045.53,VIP,5,5,4,554,0,5336,1026.9650000000001,High
42,3,1837.28,Loyal,3,4,4,344,0,5337,911.14,High
